User ID	User Name	User Link	Playlist Count	Followers	Following	Track Count	Like Tracks
133467077	Westcoast Radio (EDM)	https://soundcloud.com/digitalstreams	41	48.7K	1,977	37	216
214279944	Ilyana Azman	https://soundcloud.com/ilyanaazman	18	21.4K	51	0	877
79816260	Austin24heck	https://soundcloud.com/austin24heck	8	2,209	74	0	39
11164017	Ulana	https://soundcloud.com/itsulana	4	1,365	99	6	53
283347384	soo	https://soundcloud.com/yourparadis	20	36.4K	113	0	2,125
6983206	Mah	https://soundcloud.com/mzn665	29	5,148	142	25	460
193531220	MugaTunes	https://soundcloud.com/mugatunesofficial	108	45.7K	1,988	0	4,818
2182746	Mighty	https://soundcloud.com/mightyj-1	25	6,598	498	0	642
81561939	J e z i k a ‚ô°	https://soundcloud.com/its-jezika-bruh	5	10.2K	675	0	2,185
78807268	Pineapple Express.	https://soundcloud.com/bi-s-n-3	2	12.4K	33	0	31
2448383	Josh Kunze	https://soundcloud.com/kunze50	11	1,158	1,998	0	2,669
130367138	Rayna Rose	https://soundcloud.com/rayna-rose	6	836	205	1	1,568
196864989	Billie Kihega	https://soundcloud.com/billie-kihega	4	1,421	11	0	100
23924438	ReH√†√ü ‚ô™‚ô™	https://soundcloud.com/rehab-mohammed	26	5,594	108	14	530
104584700	repaintable	https://soundcloud.com/yourwaifusad	18	4,796	104	0	1,588
11140254	Jean Claude 5	https://soundcloud.com/jean-claude-4	35	2,814	47	3	51
180441394	Indiemono	https://soundcloud.com/user-961145082	16	3,622	21	0	81
76445627	Rehan Khan 55	https://soundcloud.com/rehan-khan-55	4	5,743	13	0	14
454283658	Playlists Daily	https://soundcloud.com/partyplaylists69	37	33.8K	0	0	17
103784	Lee Foss	https://soundcloud.com/leefoss	19	142K	6	72	24
816554116	HEZBO	https://soundcloud.com/djhezbo	0	14.2K	22	11	19
616063	faithless	https://soundcloud.com/faithless	0	23K	8	352	1
543800064	The Frenchies	https://soundcloud.com/thefrenchiesmusic	0	177	10	20	14
1034960083	Natalia Carmona	https://soundcloud.com/natalia-carmona-11220340	0	9	7	0	1
41227	Yotto	https://soundcloud.com/yotto	7	82.7K	5	100	165
1121747	DANCE SYSTEM	https://soundcloud.com/dance_system	18	19.8K	173	170	27
1419392	Dj Peso	https://soundcloud.com/dj-peso	1	1,348	149	52	72
17509164	Louis Barcellini Jr.	https://soundcloud.com/louis-barcellini-junior	1	24.5K	10	13	57
272154263	EELF	https://soundcloud.com/eelfmusic	1	9,145	1,562	309	448
193951662	BethElliott26	https://soundcloud.com/user-142484980	1	25	64	0	110
97659781	The Myth Of NYX	https://soundcloud.com/themythofnyx	0	12.9K	1	64	2
2528737	DJ Tigerlily	https://soundcloud.com/dj_tigerlily	2	83.1K	172	168	524
303560181	Meg Taylor	https://soundcloud.com/meg-taylor-345103361	1	12	3	0	68
644384232	Ary	https://soundcloud.com/aryana-ryder	6	13	2	0	17
150302	MissNine	https://soundcloud.com/missnine	9	22.6K	341	206	225
352	Delsin Records	https://soundcloud.com/delsinrecords	13	99.2K	778	1,372	219
339967470	Yulia  Kolomina	https://soundcloud.com/yulia-kolomina	0	47	457	0	947
69331453	KAIVON	https://soundcloud.com/kaivonmusic	10	39.1K	102	45	1,420
344105882	Lenske Records	https://soundcloud.com/lenskerecords	15	17.2K	6	29	68
20341328	6AM	https://soundcloud.com/6amgroup	42	32.7K	366	2,707	2,051
86158258	Amelie Lens	https://soundcloud.com/amelielens	4	264K	6	42	136
39735700	juliana vasco	https://soundcloud.com/lopez-andrea-1	0	23	14	0	10
198083	Marco Faraone	https://soundcloud.com/marcofaraonemusic	15	39.8K	3	186	89
217770491	Nitti Gritti	https://soundcloud.com/nittigritti	25	70.1K	780	100	53
189476	Adriatique	https://soundcloud.com/adriatique	4	233K	11	60	15
315859346	Hood Politics Records	https://soundcloud.com/hoodpoliticsrecords	10	20.1K	475	361	1,336
65025204	LP Giobbi	https://soundcloud.com/lpgiobbi	5	4,296	157	68	64
795907675	Zight	https://soundcloud.com/djzight	1	2,815	73	15	217
515770545	Running Clouds	https://soundcloud.com/running_clouds	2	6,250	120	211	59
48929209	HeavySwing- Ayunan Berat	https://soundcloud.com/chrisser707	9	562	630	79	412
981453964	Katherine Cardona	https://soundcloud.com/katherine-cardona-282688925	0	10	2	0	15
982830685	Tany	https://soundcloud.com/user-459360070	1	65	0	28	Fans also
28892	Electronic Groove	https://soundcloud.com/egroove	24	99.5K	1,499	3,742	5,092
2737750	Alok	https://soundcloud.com/livealok	7	604K	186	129	166
647038533	SIDEPIECE	https://soundcloud.com/youasidepiece	2	7,831	0	11	5
49177735	FREAK ON	https://soundcloud.com/freakon_music	22	9,225	1,093	22	1,590
80565567	LO'99	https://soundcloud.com/lo99	10	21.6K	351	41	498
925325	BONDAR	https://soundcloud.com/bondarofficial	16	5,014	210	10	171
146964400	CHWDR	https://soundcloud.com/chwdrofficial	3	447	826	25	4,433
4340725	Speaker Honey	https://soundcloud.com/speakerhoney	2	1,555	168	2	105
173854108	John Summit	https://soundcloud.com/johnsummit	10	29.1K	700	49	4,187
434412177	Niles Shepard	https://soundcloud.com/nilesshepard	19	1,261	206	24	86
70847422	Soave	https://soundcloud.com/soaverecords	239	55.2K	1,220	352	1,424
846346105	Love Regenerator	https://soundcloud.com/loveregenerator	0	1,297	0	37	Fans also
889069186	Lumero	https://soundcloud.com/lumero	0	80	115	3	7
170481431	SWAYL√ì	https://soundcloud.com/swaylonights	1	6,758	645	19	690
203410014	deadmau5	https://soundcloud.com/deadmau5	1	182K	3	239	36
1573380	Big Gigantic	https://soundcloud.com/biggigantic	3	229K	539	111	428
196587113	Allen Wish	https://soundcloud.com/allen-wish	4	24.5K	160	59	38
802294	Totally Enormous Extinct Dinosaurs	https://soundcloud.com/t-e-e-d	17	705K	326	120	37
815128849	LORENA SARRIA	https://soundcloud.com/lorena-sarria-881950242	0	15	0	0	4
932700061	Ashly jimenez	https://soundcloud.com/ashly-jimenez-616048846	0	12	1	0	7
536719431	Techno Airlines	https://soundcloud.com/technoairlines	1	16K	130	279	74
395164	Jay Haze aka Fuckpony	https://soundcloud.com/jayhazeakafuckpony	1	14.4K	439	108	18
870673024	Silvia Garc√≠a Olcoz	https://soundcloud.com/silvia-garcia-741676750	5	67	1,083	0	1,309
917805904	Julia Ribeiro	https://soundcloud.com/julia-ribeiro-161273413	0	15	10	0	26
27700921	KATARINA!	https://soundcloud.com/katarinaexclamationmark	0	73	234	1	255
620391	SMOG Records	https://soundcloud.com/smog	39	47.5K	257	446	147
168160673	Soave Tunes	https://soundcloud.com/selectedtunes	38	31.9K	128	486	627
152988757	Soave Radio	https://soundcloud.com/soaveradio	48	22.5K	516	304	1,373
79580381	Rosana Paiva	https://soundcloud.com/rosana-ro	18	23	96	0	125
151272315	Kannandra Signoretti	https://soundcloud.com/kannandra-luiza-signoretti	4	24	52	0	704
8329899	King Henry	https://soundcloud.com/kinghenryla	1	18.5K	420	32	190
43267509	Claere Ferraz	https://soundcloud.com/claere-ferraz	3	31	6	0	1
258530672	Techno Cave	https://soundcloud.com/techno-cave	6	34.1K	327	260	425
8788863	Heed The Sound	https://soundcloud.com/heedthesound	3	30K	582	108	814
258039	Maxim Lany	https://soundcloud.com/maximlany	3	6,888	98	111	91
7967860	VNCCII	https://soundcloud.com/vncciiofficial	2	1,097	97	11	733
78975954	Cloonee	https://soundcloud.com/cloonee	10	34.3K	624	41	980
900511477	Monique Alves	https://soundcloud.com/monique-alves-909780046	5	36	26	0	5
619098045	Ann	https://soundcloud.com/user-315083945	0	18	14	0	182
3080854	BONES	https://soundcloud.com/trevorbones	1	8,998	560	18	2,316
855678253	Luci	https://soundcloud.com/lucie-jankuliakova-715234637	0	12	44	0	282
174319	Benson	https://soundcloud.com/bensonaus	6	20.4K	435	102	677
900710626	–°–Ω—ñ–∂–∞–Ω–∞	https://soundcloud.com/clv94bx8irvj	0	11	0	0	2
825884629	ÏÇ¥	https://soundcloud.com/i1dhcdp1hkgl	0	10	0	0	1
637589037	Enik√∏ B√≠r√≥	https://soundcloud.com/eniko-biro-592127407	0	10	4	0	27
310740851	User 616286810	https://soundcloud.com/user-616286810	0	8	1	0	1
770545501	Beatsource	https://soundcloud.com/beatsource	0	140	98	100	3
406737306	KALI	https://soundcloud.com/kalimusic97	0	71	83	5	18
76077611	SaraHillding	https://soundcloud.com/sarahillding	2	18	7	0	141
821749498	DEEP SPACE BERLIN	https://soundcloud.com/deepspaceberlin	0	1,147	0	146	139
260985999	Lizz.....	https://soundcloud.com/user-517388272	0	297	499	0	937
577682457	Jessica_Mag	https://soundcloud.com/jessica-magalhaes-758173992	0	13	26	0	36
644010405	Kirstin Van As	https://soundcloud.com/kirstin-van-as	7	19	46	0	374
23197	Teamwrk Records | CLUBWRK	https://soundcloud.com/teamwrkrecords	13	60.3K	214	338	104
116985108	NEVADA	https://soundcloud.com/nevadamusicofficial	0	1,447	2	11	6
612775	user4926975	https://soundcloud.com/user4926975	10	29	117	0	1,244
695094371	baila mumtaz	https://soundcloud.com/baila-mumtaz	4	8	2	0	16
896721394	Bitar Wafa	https://soundcloud.com/talnorhebtuciri	0	8	2	0	6
82218113	beebizzzle	https://soundcloud.com/user465439758	0	10	70	0	429
156489830	Lina Fat	https://soundcloud.com/linaf-4	7	55	76	0	124
159596622	RKJVK	https://soundcloud.com/rkjvklabel	11	1,514	17	7	69
136579379	Dominique De Ruijter	https://soundcloud.com/dominique-de-ruijter-3	4	15	84	0	922
734219836	samanta	https://soundcloud.com/samanta-son	0	8	7	0	132
338578	Yoshitoshi	https://soundcloud.com/yoshitoshi	107	22.8K	111	341	208
47719633	Irena Pasciukaite	https://soundcloud.com/irena89-1	3	52	204	0	416
1044124	MindOff	https://soundcloud.com/mindoff	1	504	640	29	461
856394575	Katrina	https://soundcloud.com/user-829248352	9	15	41	0	1,064
276200046	Kiana Teahan	https://soundcloud.com/kiana-teahan	0	8	3	0	418
526918920	Anais Peronnet	https://soundcloud.com/anais-peronnet	0	5	8	0	50
33717582	rochelle1260	https://soundcloud.com/rochelle1260	21	24	46	0	133
75063811	Dusk	https://soundcloud.com/soavedusk	14	21.3K	24	54	458
887906353	ARK	https://soundcloud.com/icha-kharsadi-874681850	0	9	1	0	2
12960	Kiki (Official)	https://soundcloud.com/kikigoodvoodoo	3	14.2K	79	100	138
324471	Defected Records	https://soundcloud.com/defectedrecords	57	392K	135	691	388
179756074	Casiana Biczok	https://soundcloud.com/casiana-biczok	0	21	5	0	1,523
884696296	Nina-Nicole Heslop	https://soundcloud.com/nina-nicole-heslop	2	10	3	0	21
875461225	lois bullough	https://soundcloud.com/user-101058731	1	7	2	0	5
783718861	Kino Village	https://soundcloud.com/kinovillage	6	1,216	273	15	43
1410762	Flamingosis	https://soundcloud.com/flamingosis	14	141K	793	152	2,559
873953218	Eu	https://soundcloud.com/deby-almeida-124635895	0	11	2	0	2
866709190	–ò–Ω–Ω–∞ –†–∞–∫—É–∑–∞	https://soundcloud.com/pnseajnvpzmv	0	12	0	0	19
650087634	Jelly Josephine Weinhold	https://soundcloud.com/jelly-josephine-weinhold	0	11	6	0	11
866403406	Anabela matimbeanabela17@gmail.com	https://soundcloud.com/user-278850076	1	12	1	0	5
187051711	Groove Bassment	https://soundcloud.com/groovebassment	13	20.4K	401	85	420
336522995	Vivi VR	https://soundcloud.com/vivi-vr-464321687	1	15	44	0	211
860719141	Mayde	https://soundcloud.com/user-891378848	0	9	0	0	3
7055425	WALKER & ROYCE	https://soundcloud.com/walker-and-royce	7	45.3K	427	71	319
43809809	vickiebaben	https://soundcloud.com/vickiebaben	1	51	108	0	123
206908846	DJ Khaled	https://soundcloud.com/dj-khaled	1	229K	0	304	Fans also
119853325	susan üßöüèª‚Äç‚ôÄÔ∏èü••	https://soundcloud.com/scusiforbeingsusan	1	12	30	0	66
131210584	Andrea Revollo Adriazola	https://soundcloud.com/andrea-revollo-adriazola	3	13	3	0	45
854868514	Lorea Basterretxea	https://soundcloud.com/lorea-basterretxea	0	9	2	0	128
855723184	Mogurldj	https://soundcloud.com/mogurldj	1	17	149	3	34
731607589	Bao	https://soundcloud.com/nguyen-ngoc-bao-tran-510757641	0	9	21	0	121
217346267	Christeen Sleem	https://soundcloud.com/christeen-sleem	0	8	9	0	51
855961663	Loreto Manzano	https://soundcloud.com/loreto-manzano	0	5	2	0	7
130777511	Sapir Zvi	https://soundcloud.com/sapir-zvi-1	0	22	79	0	194
856130164	Melania Gabriela	https://soundcloud.com/melania-gabriela-461329232	0	6	15	0	155
481349913	electroniceilean	https://soundcloud.com/eilean-roland	27	44	323	0	972
795238111	majo	https://soundcloud.com/maria-jose-reyes-828169748	0	6	0	0	295
849357412	Rihab Gorsane	https://soundcloud.com/rihab-gorsane	0	6	2	0	55
855730936	Anastasia Kuptsova	https://soundcloud.com/anastasia-kuptsova-171873855	0	6	0	0	6
184119626	Rebecca Pohl	https://soundcloud.com/rebecca-pohl-53977320	0	13	9	0	531
119334773	Tasha Berecz	https://soundcloud.com/tasha-berecz	0	6	2	0	7
854549119	Kimm	https://soundcloud.com/kimberly-lezue	4	4	7	0	111
152747968	Anakim	https://soundcloud.com/anakim	22	3,851	191	21	323
6228998	Tess Vockler	https://soundcloud.com/dj-tv-1	0	647	97	11	152
849911218	palita	https://soundcloud.com/palita-nuidee	1	6	2	0	29
11741264	miriwinter	https://soundcloud.com/miriwinter	6	57	327	0	936
28768411	Jamile Lima 3	https://soundcloud.com/jamile-lima-3	0	21	11	0	41
456364497	Maria Zavada	https://soundcloud.com/maria-zavada	3	6	18	0	64
463983078	shelbs	https://soundcloud.com/shelby-rebecca-356344412	1	6	1	0	29
390807024	natalia.janosik	https://soundcloud.com/user-655935758	0	5	2	0	28
82889505	Yaeji	https://soundcloud.com/kraejiyaeji	5	62.5K	261	33	1,269
17460006	MUMALIFE	https://soundcloud.com/jenn-yongin-lee	0	17	25	0	194
680550278	Psyched3lic	https://soundcloud.com/user-960586548	1	120	133	23	1,078
378022481	Micaela Pascali	https://soundcloud.com/micaela-pascali	0	13	6	2	3
173117156	oceanscaro	https://soundcloud.com/oceanscaro	10	13	31	0	293
398825031	ludo	https://soundcloud.com/sophia-baltes	2	7	34	0	115
802352785	Nat	https://soundcloud.com/natalia-yutovets	0	6	1	0	10
831032731	Roxanne Webb	https://soundcloud.com/roxanne-webb-722071303	0	4	3	0	6
125430243	julie beaulieu	https://soundcloud.com/julie-beaulieu-4	16	27	195	0	318
599678556	Nguy·ªÖn Lam	https://soundcloud.com/nguy-n-h-ng-lam-778561986	1	2	4	0	11
833569726	Marocih Icih	https://soundcloud.com/ami-amoy-718443232	0	3	14	0	151
833610523	Marcela Ataides	https://soundcloud.com/marcela-ataides	1	3	4	0	36
284659153	kyara	https://soundcloud.com/kyara-beckx	0	7	3	0	17
155041618	Danƒça Alferyov√°	https://soundcloud.com/dan-a-alferyov	0	6	11	0	191
661349352	ÏÜåÎ¶¨Î≤†Î≤†	https://soundcloud.com/zt6qqxhcbl7d	0	6	12	0	14
346413788	Chrissy Ne	https://soundcloud.com/chrissy-ne	2	13	13	0	115
577756884	ùôîùô§ùôúùôöùô´ ¬Æ	https://soundcloud.com/yogevdj	0	113	91	8	66
811066963	–ê–Ω—è	https://soundcloud.com/sn9xaoytxpch	0	7	5	0	6
75824945	Victoria Jane Setterfield	https://soundcloud.com/victoria-jane-setterfield	1	25	54	0	1
248375037	karin	https://soundcloud.com/karin-siemons	0	4	2	0	3
827327131	Eszti	https://soundcloud.com/eszter-kroboth-kiralymezei	0	5	4	0	27
570105795	JessLove23	https://soundcloud.com/user-608951155	1	4	20	0	377
44765895	Lo	https://soundcloud.com/deepdownlo	0	55	97	2	73
73253818	Antoinette Van Dewark	https://soundcloud.com/antoinettevandewark	11	736	265	19	1,998
64061153	Dakota Hunter 2	https://soundcloud.com/dakota-hunter-3	6	76	277	0	561
128899123	Kylie Baer	https://soundcloud.com/kylie-baer	0	15	29	0	122
346030220	OREN	https://soundcloud.com/orenzigner	4	8,489	691	0	765
827294845	linnealawlor	https://soundcloud.com/linnealawlor	0	4	49	0	Fans also
20369635	AngelaGeorgakopoulos	https://soundcloud.com/angela-georgakopoulos	0	94	271	0	974
31582620	Laura Rose87	https://soundcloud.com/laura-rose87	1	12	28	0	46
641059272	Darina	https://soundcloud.com/darina-kozyr	1	8	1	0	126
126607802	Alse	https://soundcloud.com/littlerobbery	11	20	36	0	170
233065687	User 520829480	https://soundcloud.com/user-520829480	0	6	3	0	14
607541559	Alison	https://soundcloud.com/alison-gallego	1	5	21	0	17
802864570	Ale Tapia	https://soundcloud.com/ale-tapia-607252602	2	2	1	0	8
225428494	Lorrayne Ferreira	https://soundcloud.com/caroline-ferreira-174554289	0	9	4	0	204
299978090	Angel	https://soundcloud.com/angel-xavier-138918169	0	7	5	0	350
232852490	mariaaaaaa	https://soundcloud.com/mariazhukovaaaa	0	9	3	0	198
179321581	ChillYourMind	https://soundcloud.com/chillyourmind	4	28.6K	528	238	535
183205077	Emmasill	https://soundcloud.com/user-176754652-276993911	9	19	62	0	517
58140595	Granotich	https://soundcloud.com/pipi-granotich	0	8	15	0	11
552321432	666elizabeth666	https://soundcloud.com/nttzyuictmxd	1	16	36	0	751
326259240	Rhere Riyantii	https://soundcloud.com/rhere-riyantii	3	7	0	0	71
818111371	Aleksandra Khodych	https://soundcloud.com/viktoriia-khodych	1	6	11	1	189
372968807	Dayanna Escobar	https://soundcloud.com/dayanna-escobar-785770793	0	8	0	0	34
772858225	Deep Tech Recordings	https://soundcloud.com/deeptechrecordings	11	147	134	57	64
310968753	Dina Feick	https://soundcloud.com/dina-feick	3	8	23	1	1,427
19609902	morganacoelho	https://soundcloud.com/morgana-coelho	0	45	216	0	1,852
182386854	@AMFitMedia	https://soundcloud.com/angel-m-361731584	8	6	7	0	24
799011622	marley	https://soundcloud.com/dqw9zzvzihym	0	21	285	0	1,145
257735399	Niiko x SWAE	https://soundcloud.com/niiko_swae	2	19.3K	1,424	44	3,699
812843032	Lidia Oliveira	https://soundcloud.com/lidia-oliveira-787233365	0	5	0	0	6
812849269	Andrea Pab√≥n	https://soundcloud.com/andrea-pabon-338636812	0	3	1	0	1
322612502	fryhide	https://soundcloud.com/fryhide	3	13.5K	5	99	14
704459901	Valen Gil	https://soundcloud.com/valen-gil-418356291	0	7	17	0	109
18779346	Stace	https://soundcloud.com/stace-d-1	3	18	19	0	163
313006448	Rebecca Bateson	https://soundcloud.com/rebecca-bateson-932414788	8	11	10	0	58
133752423	Ahyoka	https://soundcloud.com/ahyoka-music	0	1,495	593	12	1,135
1082538	Mitch Dodge	https://soundcloud.com/mitchdodge	17	1,665	371	6	121
679498	Medium Rare Recordings	https://soundcloud.com/mediumrarerecordings	39	14.3K	1,118	125	283
784029835	Maria Jansen Ferreira	https://soundcloud.com/maria-jansen-ferreira	0	3	68	0	94
189917042	mena	https://soundcloud.com/fil-campelo	1	3	3	0	Fans also
186155902	aghapyibraheem	https://soundcloud.com/aghapyibraheem	0	7	17	0	448
246807382	tamy	https://soundcloud.com/user-935373213	0	5	2	0	1
203862733	Schyler Cox	https://soundcloud.com/sunandtheskyy	0	19	92	0	365
60388117	Andreza Lima 10	https://soundcloud.com/andreza-lima-11	0	25	2	0	3
585728463	Nasvay 911	https://soundcloud.com/iqrgxyylnmfo	0	17	236	0	2,486
212816695	Andres Espinosa	https://soundcloud.com/andres-espinosa-408213842	0	9	137	0	309
649076775	Paula Schultz	https://soundcloud.com/paula-schultz-763474132	0	7	7	0	7
71080483	Coralys Fernandez	https://soundcloud.com/coralys-fernandez	0	34	194	0	282
666837680	Sasha Bustos Nasich	https://soundcloud.com/sasha-bustos-nasich	0	6	7	0	Fans also
3243874	Rilanacordeiro	https://soundcloud.com/rilanacordeiro	0	53	9	0	12
651987294	Jena	https://soundcloud.com/user-150898989	0	10	2	0	7
306875615	Jasbleidy Mu√±oz	https://soundcloud.com/jasbleidy-munoz	0	12	2	0	5
50744300	user539513978	https://soundcloud.com/user539513978	0	87	270	0	511
6250773	chinita.barrera	https://soundcloud.com/chinita-barrera	0	21	25	0	31
1947838	Whore House	https://soundcloud.com/whorehouserecs	72	14K	90	882	15
903390	Serge Santiago	https://soundcloud.com/serge-santiago	1	2,885	51	5	21
15126749	Joel Corry	https://soundcloud.com/joelcorry	1	70.1K	0	190	1
797177560	Angie Guti√©rrez	https://soundcloud.com/angie-gutierrez-920078179	0	13	8	0	26
378703772	–ï–∫–∞—Ç–µ—Ä–∏–Ω–∞ –î—Ä–æ–∑–¥–µ–Ω–∫–æ	https://soundcloud.com/5h1paustio33	1	14	0	0	2
574838298	nourhan	https://soundcloud.com/nourhan-yehia-593407573	1	9	113	0	740
796372957	Ïù¥ÏàôÍ≤Ω	https://soundcloud.com/bqaxm7exmlc4	0	9	0	0	Fans also
550736949	Aline Cocox	https://soundcloud.com/aline-cocox	0	6	8	0	5
138776301	Milagros Vivas	https://soundcloud.com/milagros-vivas	11	66	322	0	353
35496425	Isabella Palhares Faria	https://soundcloud.com/isabella-palhares-de-faria	0	71	59	0	90
748249882	Tanvi Bs	https://soundcloud.com/tanvi-bs	0	10	4	0	55
621318462	Julia Andreia	https://soundcloud.com/andreia-benevenuto-897566283	1	10	37	0	49
795239641	Daria Vasileva	https://soundcloud.com/daria-vasileva-958869119	0	2	1	0	13
795781375	Maria Gorete	https://soundcloud.com/maria-gorete-521667329	0	4	0	0	17
249732398	Elo	https://soundcloud.com/eloise-cauvin	0	6	1	0	21
795172738	DemonGoddess	https://soundcloud.com/user-653903647	0	33	153	0	18
6813003	7Wallace	https://soundcloud.com/7-wallace	2	5,882	251	3	32
794124004	Klaudia Ogrodowczyk	https://soundcloud.com/klaudia-ogrodowczyk-14287176	1	4	2	0	11
203869912	Lenochka Boo	https://soundcloud.com/lenochka-boo	1	6	0	0	259
50842772	Anna Jung 5	https://soundcloud.com/anna-jung-7	1	18	20	0	62
793971193	Daniela Goichman	https://soundcloud.com/daniela-goichman	0	8	8	0	145
778011706	Sofia Mendoza	https://soundcloud.com/sofia-mendoza-634408466	0	13	19	0	127
268337562	imane nana	https://soundcloud.com/imane-nana	1	4	12	0	32
792640957	Vit√≥ria Padovani	https://soundcloud.com/user-757630770	0	7	3	0	1
737857642	–ê–ª–µ–∫—Å–∞–Ω–¥—Ä–∞ –®–µ–ø–µ–ª–µ–≤–∞	https://soundcloud.com/nfpx6px8sunr	0	3	13	0	14
585988767	Chiky ml	https://soundcloud.com/chiky-mora-500788795	0	6	22	0	160
249026777	Martina	https://soundcloud.com/martinaa-skoblar	2	7	15	0	42
505747065	Kiki Kris	https://soundcloud.com/kiki-kris-443118825	1	6	10	0	20
531891987	H√† Tr√¢n	https://soundcloud.com/ha-tran-302089579	0	3	5	0	26
94134088	DJAAL	https://soundcloud.com/djaalmusic	5	500	501	5	152
207606748	vannessik	https://soundcloud.com/vannessik	0	12	79	0	640
788364559	Gladis V.	https://soundcloud.com/gladis-v	0	4	5	0	103
761786470	Karly Cortez	https://soundcloud.com/karly-cortez-662591136	0	5	2	0	2
582201063	oumayma Elya	https://soundcloud.com/oumaima-elyazami	1	4	0	0	46
791126746	Summer Laird	https://soundcloud.com/summer-laird-13217701	0	5	10	0	3
790612582	–ê–ª–∏–Ω–∞ –ü–∞–≤–ª–µ–Ω–∫–æ	https://soundcloud.com/yfqvkru4u8ru	0	5	2	0	37
779241100	–õ–∞–¥–∞ –ë–æ—Ä–æ–≤—Å–∫–∞—è	https://soundcloud.com/z4jwu34tlslz	0	3	1	0	99
504241581	ms.freyman	https://soundcloud.com/msfreyman	4	70	63	3	210
275073379	Jessica Downey	https://soundcloud.com/jessica-downey-236455470	0	6	1	0	Fans also
239142725	Kimberly Sellers	https://soundcloud.com/kimberlysellers-63	0	3,142	1,615	0	626
675218081	Brito	https://soundcloud.com/nicole-brito-509068500	0	5	2	0	49
11743975	J.O Stoneheadz	https://soundcloud.com/jostoneheadz	1	191	22	6	35
138674238	Grazy Oliveira	https://soundcloud.com/grazy-oliveira-12	1	5	3	0	423
402324417	Linda Planes	https://soundcloud.com/linda-planes	11	13	105	0	249
279136872	Natalia Herrera	https://soundcloud.com/natalia-herrera-862011911	0	3	0	0	5
395411670	Daryna Sikach	https://soundcloud.com/daryna-sikach	3	5	31	0	531
69483974	Prospa	https://soundcloud.com/prospauk	0	8,620	196	40	1,274
208000187	Kai Tracid	https://soundcloud.com/kai-tracid-official	0	3,296	0	117	Fans also
77114	alientom	https://soundcloud.com/alientom	1	533	201	14	87
307371072	Teek	https://soundcloud.com/teek_nz	0	332	179	13	730
3014409	DJ E-Clyps	https://soundcloud.com/djeclyps	2	5,625	46	129	572
738979540	Lin Reyes	https://soundcloud.com/lin-reyes	1	6	9	0	51
367970636	valentina campo mejia	https://soundcloud.com/valentina-campo-mejia-575652948	0	5	0	0	1
788581006	Zina H	https://soundcloud.com/zina-h-768287305	0	6	3	0	3
366091136	Elodie Reymond	https://soundcloud.com/elodie-reymond-722860279	0	7	2	0	76
310591975	Alisa	https://soundcloud.com/nata-kru	0	9	15	0	24
782199622	Anastasia Semenda	https://soundcloud.com/anastasia-semenda	0	2	1	0	56
451055856	acidgirl	https://soundcloud.com/t6phffmrlvjx	0	8	10	0	210
84820296	na_hal	https://soundcloud.com/nahal_a	2	22	78	0	427
778724743	Liiza Pesor	https://soundcloud.com/liiza-pesor	2	6	16	0	229
678442067	Í≥µÏ£º	https://soundcloud.com/8thwcs0mgyjz	0	3	6	0	114
127250337	yo Mama got big breads	https://soundcloud.com/dicksucker1556	20	40	103	0	608
662669475	Ïû•ÌïúÎ≥Ñ	https://soundcloud.com/ptqfmrao9kam	0	5	1	0	4
59364739	user601435065	https://soundcloud.com/user601435065	0	4	2	0	Fans also
786711838	Alejandra Gomez	https://soundcloud.com/alejandra-gomez-811799136	0	3	2	0	4
148382741	Aasha?	https://soundcloud.com/aasha-parle	0	8	51	0	26
59690176	Desert Hearts Records	https://soundcloud.com/desert-hearts-records	21	56.8K	716	432	525
315229813	Roxanne Ringo	https://soundcloud.com/roxanne-ringo	10	14	16	0	339
784498357	Kaydell	https://soundcloud.com/itskaydell	0	40	7	7	51
16032984	samanthers	https://soundcloud.com/samantha-tinsay	3	36	17	0	306
786254608	Anali Guevara Gonzales	https://soundcloud.com/anali-guevara-gonzales	0	5	0	0	4
70572279	Heba Faeek	https://soundcloud.com/kittyhoba	16	29	67	0	807
785817100	Brandon Quintero	https://soundcloud.com/brandon-quintero-471855820	1	4	1	0	13
785396167	Mar√≠a Ren√© BV	https://soundcloud.com/maria-rene-bv	1	2	4	0	40
785807263	Sylwia Wielczyk	https://soundcloud.com/sylwia-wielczyk-53273752	0	3	3	0	5
39501170	Empire Of The Sun	https://soundcloud.com/empireofthesunsound	3	335K	16	137	Fans also
752037568	Jhulie Silva	https://soundcloud.com/jhulie-lopes-60440474	2	3	3	0	155
659637462	Malak Abo Elyazed	https://soundcloud.com/malak-abo-elyazed	0	11	14	0	38
398154765	Levine Greenspring	https://soundcloud.com/levinegreenspring	0	69	298	0	19
602232447	Michele Corr√™a	https://soundcloud.com/michele-correa-997361331	1	8	29	0	53
725320039	CamiiAlbarracin	https://soundcloud.com/user-274990-128921159	0	13	3	0	376
784633132	Noemi Mani	https://soundcloud.com/noemi-mani	1	2	0	0	Fans also
143988512	Shaylen Stevens	https://soundcloud.com/shaylen-stevens	3	21	64	0	71
245750036	Cristina Herrador Mu√±oz	https://soundcloud.com/cristina-herrador-munoz	6	8	62	0	177
46672127	Lindsey Johnson 10	https://soundcloud.com/lindsey-johnson-12	4	134	245	0	3,721
86762111	Hannahdazed	https://soundcloud.com/hannahdazed	3	63	128	0	747
94998345	Ynara Brasil	https://soundcloud.com/ynara-brasil	3	37	324	0	203
782825578	Saldarriaga K's	https://soundcloud.com/saldarriaga-ks	0	1	14	0	58
687351917	poxyiii	https://soundcloud.com/user-854285836	0	12	6	0	32
783204805	Vanessa Strack	https://soundcloud.com/vanessa-strack-230949248	0	4	0	0	164
100752645	Martha Javadi	https://soundcloud.com/martha-javadian	1	12	88	0	80
648682500	heidianna613	https://soundcloud.com/christina-anna-940226160	4	10	103	0	178
199187371	Laciana	https://soundcloud.com/lan-fox-373960976	2	51	650	1	346
4152527	DVBBS	https://soundcloud.com/dvbbs	3	441K	3	119	3
765496183	Viktoriia	https://soundcloud.com/dqlly4etni4x	0	3	0	0	15
67841154	Burko	https://soundcloud.com/burkomusic	6	1,985	985	12	5,584
15511193	Porky (Desert Hearts)	https://soundcloud.com/porky-deserthearts	4	11K	1,120	11	345
332694422	Roisin O Driscoll	https://soundcloud.com/roisin-o-driscoll	0	6	1	0	13
781859107	lilianna	https://soundcloud.com/lilianna-manukyan	0	3	0	0	Fans also
607203054	Luz Leiva	https://soundcloud.com/luuz-leiva	0	9	23	0	12
77774884	Mikaela Hygrell	https://soundcloud.com/mikaela-hygrell	2	16	53	0	585
737003701	Kerulin Marques	https://soundcloud.com/keeh-silva-641475006	0	7	5	0	970
55488783	Mahsa	https://soundcloud.com/mahsa-azari	0	22	34	0	95
143111460	MSHMSH	https://soundcloud.com/user989890283	0	5	8	0	47
78514808	Shahenda Elbanna	https://soundcloud.com/shahenda-elbanna	19	182	63	0	1,113
569940240	Natalie	https://soundcloud.com/user-831998811	2	4	4	0	173
364676633	Ria  Da	https://soundcloud.com/ria-da	0	4	2	0	5
9969027	ADDAL	https://soundcloud.com/addal	6	122K	115	73	15
293988513	Thamy Souza	https://soundcloud.com/thamy-souza-246240176	0	8	9	0	47
415412937	L√≠via Su≈°ienkov√°	https://soundcloud.com/l-via-su-ienkov-97953148	0	11	12	0	721
2811314	Dromme	https://soundcloud.com/djdromme	1	286	865	3	4,512
591642	Sidney Samson	https://soundcloud.com/sidneysamson	3	79.6K	88	196	89
1563075	3BEAT	https://soundcloud.com/3beat	57	44.7K	35	1,475	97
777012622	LizKitikova	https://soundcloud.com/d9ztj5ihhizt	0	9	50	0	459
751293067	mmaazmaz	https://soundcloud.com/user-922543677	0	10	28	0	164
775212628	Dina asqa Batubara	https://soundcloud.com/dina-asqa-batubara	0	4	0	0	12
242818912	qandeel zahra malik	https://soundcloud.com/user-367612568	4	8	18	0	334
1853	Soul Clap	https://soundcloud.com/soulclap	38	174K	306	240	257
539162322	MugaTunes Releases	https://soundcloud.com/mugatunes-vip	0	30K	1,992	111	342
3969917	jessieslife	https://soundcloud.com/jessieslife	0	27.3K	2	28	Fans also
774058936	eli	https://soundcloud.com/elizabeth-durango-restrepo	0	6	5	0	91
16215338	Myla Vie	https://soundcloud.com/mylaviemusic	0	171	478	10	60
462059490	House of Wax Radio	https://soundcloud.com/houseofwaxradio	0	9,341	1	41	25
224310277	i_o	https://soundcloud.com/i_oofficial	3	36.2K	27	31	27
537144	Caribou.	https://soundcloud.com/caribouband	7	361K	12	277	15
361793744	Marcella Olivera	https://soundcloud.com/marcella-olivera-724866409	0	8	15	0	588
469794384	Anastasia Prokopyshyn	https://soundcloud.com/anastasia-prokopyshyn	0	5	8	0	169
1260734	TORREN F√ò√òT	https://soundcloud.com/torrenfoot	4	25.2K	449	37	944
594064707	Ala Belotcaci	https://soundcloud.com/ala-belotcaci	0	8	0	0	1
31524382	REZZ	https://soundcloud.com/official-rezz	25	249K	364	74	731
480259320	ÏöîÎ∞ç	https://soundcloud.com/l8jsyfmfbmh6	0	6	9	0	578
153693840	Jessica Campos	https://soundcloud.com/jessica-campos-32	0	8	23	0	356
691617191	Manu Perez	https://soundcloud.com/manu-perez-256987975	0	6	7	0	175
528774753	Holly Housecat	https://soundcloud.com/hollyhousecat	2	1,017	272	45	1,375
771240454	busenur19	https://soundcloud.com/busenur192	0	5	2	0	Fans also
284196268	Christina Lotz	https://soundcloud.com/christina-lotz	1	5	11	0	165
21268086	FlicFlac	https://soundcloud.com/flicflac	1	193K	967	34	1,332
32974556	Alessandra	https://soundcloud.com/alipatterson	2	53	264	0	944
105542976	Nichole Ceballos	https://soundcloud.com/nichole-ceballos	3	13	23	0	165
12329422	Lost Records	https://soundcloud.com/lost-records	96	29.5K	53	406	15
521581992	Zee Zjn	https://soundcloud.com/zee-zjn	7	8	5	0	59
728892787	Karolina Bak≈°inskaitƒó	https://soundcloud.com/karolina-bak-inskait	0	6	0	0	169
749457613	R√òFL	https://soundcloud.com/mozilo	0	1,235	99	16	24
16863300	Laura Murch	https://soundcloud.com/laura-murch	11	107	592	0	4,504
91033687	Anna Missoni	https://soundcloud.com/anna-misssoni	14	20	12	0	76
766475461	–î–∞—à–∞ –î–∞–≤—ã–¥–æ–≤–∞	https://soundcloud.com/9ieijeigshv7	0	4	0	0	2
301172531	7evin7ins	https://soundcloud.com/7evin7ins	0	20.3K	5	20	17
106693127	user202820819	https://soundcloud.com/user202820819	1	3	29	0	1
768678091	Salome Agudelo	https://soundcloud.com/salome-agudelo-952178092	0	5	10	0	26
768107299	Êù®Â§©Áê¶	https://soundcloud.com/y2u8fkrrmnoo	0	6	22	0	33
153640324	WUKILEAKS	https://soundcloud.com/wukileaks	2	49.7K	108	80	108
1115062	wuki	https://soundcloud.com/iamwuki	20	91.8K	1,901	41	16.8K
1727915	Silje Marie	https://soundcloud.com/silje87	4	66	223	0	157
765905509	Lena Skopinceva	https://soundcloud.com/lena-skopinceva	4	5	5	0	54
231353828	BeckyLong	https://soundcloud.com/user-850506439	1	10	11	0	157
468183564	mynameisliubov	https://soundcloud.com/60dbgtsccqid	0	20	183	0	618
677878757	Alexandra Cri≈üan	https://soundcloud.com/alexandra-cri-an-257327015	0	3	0	0	13
766123900	Laura Cremonese	https://soundcloud.com/laura-cremonese	0	2	8	0	7
741874234	–ï–≤–≥–µ–Ω–∏—è –®–∞—Ç–∏–ª–æ–≤–∞	https://soundcloud.com/prufhvfmiz47	1	3	2	0	Fans also
128868469	‚ú®amphetaqueen‚ú®	https://soundcloud.com/ampheta_queen	44	377	768	37	4,647
77666454	HalseyMusic	https://soundcloud.com/halseymusic	4	249K	0	136	2
44978148	blanc	https://soundcloud.com/blancaudio	9	113K	89	291	1,107
762110542	Yatsenko97	https://soundcloud.com/user-18176667	0	6	14	0	74
60919049	TYKA	https://soundcloud.com/tykaofficial	0	47	45	3	250
265876674	Adriana Mihaila	https://soundcloud.com/adriana-mihaila	1	4	7	0	344
180624911	Pearl Jacob	https://soundcloud.com/pearl-jacob-733441284	0	14	37	0	376
3803302	Josh Butler.	https://soundcloud.com/joshbutler	33	83.9K	377	218	52
183710695	Brezovszki Andrea	https://soundcloud.com/brezovszki-andrea	0	3	2	0	3
113983	Woltexx	https://soundcloud.com/woltexx	1	1,012	644	24	86
526410096	Mia H√∏jrup	https://soundcloud.com/mia-hojrup-718943197	0	5	2	0	4
762392035	halalalalaha	https://soundcloud.com/kitti-b-hm	0	6	6	0	75
11521168	Allegra Viktoria	https://soundcloud.com/allegra-viktoria	11	50	476	0	462
39078255	Miss Tonica	https://soundcloud.com/miss-tonica	0	482	1,035	52	155
704083215	Duna	https://soundcloud.com/duna-joanna	1	6	6	0	44
266613515	Nicole Cooke	https://soundcloud.com/nicole-cooke-623667261	0	4	2	0	66
142249171	Stefannie Garcia	https://soundcloud.com/stefannie-garcia	0	4	0	0	32
610611252	sabinka	https://soundcloud.com/xu4mpfuddz1e	2	13	8	0	429
449077782	Marta Laskowska	https://soundcloud.com/marta-laskowska-450126784	0	1	0	0	97
272929223	Milena Tabares	https://soundcloud.com/milena-tabares-567807515	5	4	15	0	112
112171	Patrick Topping	https://soundcloud.com/patricktopping	6	177K	375	90	25
51781486	Yui Kobashi	https://soundcloud.com/yui-kobashi	0	7	4	0	4
734305456	Ellen Olyver	https://soundcloud.com/ellen-olyver	0	1	0	0	7
686650205	Jasmin	https://soundcloud.com/mimo-savage	7	4	18	0	81
162142459	Music For Freaks	https://soundcloud.com/mff-musicforfreaks	33	1,779	608	127	31
50147228	Cuttin' Headz	https://soundcloud.com/cuttinheadzmusic	40	14.3K	10	127	18
173729740	Cat Dealers	https://soundcloud.com/catdealers	47	188K	168	115	107
752192338	Adriana Ramirez	https://soundcloud.com/adriana-ramirez-641392823	0	7	2	0	17
41326977	leni2008	https://soundcloud.com/leni2008	0	5	5	0	278
751068622	Sofiacascu	https://soundcloud.com/sofia-cascu-agnelet	0	5	0	0	6
442014819	Solene Lrch	https://soundcloud.com/solene-lrch	0	2	5	0	7
88645952	Jeanniesteves	https://soundcloud.com/jeanniesteves	1	12	3	0	20
96363218	maggiebimbo	https://soundcloud.com/maggie_bimbo	58	95	72	0	35
751327024	Jennifer	https://soundcloud.com/jennifer-alvarez-490895276	1	1	4	0	5
71878	Sant√©	https://soundcloud.com/sante	7	55.8K	46	214	230
4702383	JAK	https://soundcloud.com/arkadenmusicofficial	5	2,611	936	37	3,456
45479129	Tai Lin Chen	https://soundcloud.com/tai-lin-chen	2	66	356	0	580
517882653	usernotfound	https://soundcloud.com/user-507651837	0	3	6	0	19
201778329	oshani emu	https://soundcloud.com/oshani-emu	0	6	16	0	259
659932332	–õ—é–¥–º–∏–ª–∞ –ö–æ—Å—Ç–µ–Ω–∫–æ	https://soundcloud.com/kdjlhh7yyacx	1	3	2	0	3
749873860	kari	https://soundcloud.com/karina-montiel-sanhueza	11	8	9	0	39
39666904	Barbara nunes	https://soundcloud.com/barbara-cachoroski	0	46	189	0	120
603472665	Main Room: Dance	https://soundcloud.com/soundcloud-mainroom	32	11.3K	100	0	3,032
749173405	Maria Melania	https://soundcloud.com/user-527526807	9	25	183	0	506
213456966	Afterlife	https://soundcloud.com/afterlifeofc	56	136K	2	333	1
24300853	taracoppolino	https://soundcloud.com/taracoppolino	1	56	149	3	701
748283338	Emma Rocio Neme	https://soundcloud.com/emma-rocio-neme	0	2	1	0	2
747710269	User 690303214	https://soundcloud.com/user-690303214	0	2	6	0	29
566058213	Marry Brown	https://soundcloud.com/marrybrown15	0	32	523	0	1,659
736033756	whitson	https://soundcloud.com/skiborenzel2000	0	5	27	0	28
500382426	Kelsie Hale	https://soundcloud.com/kelsie-hale	8	27	133	1	947
36983468	Alanis Souza	https://soundcloud.com/alanis-souza	0	44	9	0	54
44710	Paul Woolford	https://soundcloud.com/paulwoolford	3	73.4K	1,571	94	53
139638362	Carissa Thompson	https://soundcloud.com/carissa-thompson-2	3	11	7	0	26
109421789	Marie-Pier Martel 1	https://soundcloud.com/marie-pier-martel-2	0	14	7	0	212
250393493	Tako Ponja	https://soundcloud.com/tako-ponja	0	4	3	0	23
739299034	Kay Lee	https://soundcloud.com/kay-lee-522983834	1	5	3	0	11
91898702	VNSSA	https://soundcloud.com/v_nss_a	2	10.7K	491	23	543
1754968	Tinlicker	https://soundcloud.com/tinlicker	14	39.3K	3	122	182
744777259	Francesca Fuentes Mi√±o	https://soundcloud.com/francesca-fuentes-mino	0	3	14	0	Fans also
121784	S√©bastien L√©ger	https://soundcloud.com/sebastienleger	9	127K	59	301	10
381684	CID Music	https://soundcloud.com/cidmusic	25	31K	61	117	97
58251919	Mozambo	https://soundcloud.com/mozambo	3	51.1K	1,673	40	176
279106476	Aylen Ramirez	https://soundcloud.com/aylen-ramirez-120569556	0	3	1	0	10
132587519	DJ RIKU	https://soundcloud.com/rikuuuuu	1	15	9	0	1,220
227721708	Leticia Santos	https://soundcloud.com/user-25875540	1	38	540	0	110
310977350	Mariana Gemiliano	https://soundcloud.com/mariana-gemiliano	0	7	26	0	257
8183674	Natalie Kandis	https://soundcloud.com/natakandi	1	65	135	0	860
250397025	DynamikDark	https://soundcloud.com/dynamikdark	1	138	140	1	772
8261440	REY&KJAVIK	https://soundcloud.com/rkjvk	17	33.3K	1	88	101
355878311	Helena Abadie	https://soundcloud.com/helena-abadie	0	6	5	0	1
743691004	Rocio Strohalm	https://soundcloud.com/rocio-strohalm	0	3	1	0	2
233339101	Berlin House Music	https://soundcloud.com/berlinhousemusic	49	17.6K	1,526	1,048	1,539
716083843	Linda Polak	https://soundcloud.com/linda-polak-674767525	0	3	2	0	1
49977464	Karma	https://soundcloud.com/karmaknows	0	2,152	5	25	43
214170583	Clariana Hessim	https://soundcloud.com/clariana-hessim-168563789	0	5	4	0	42
320184924	Kristina Vukadinoviƒá	https://soundcloud.com/kristina-vukadinovi	0	3	10	0	52
6578045	MASTERIA	https://soundcloud.com/itsmasteria	9	6,987	1,012	13	3,757
1336442	DJ Lady Faith	https://soundcloud.com/dj-lady-faith	1	15.3K	6	22	29
309500823	Janiek Hendrikx	https://soundcloud.com/janiek-hendrikx	0	3	3	0	3
190248	Aquadrop	https://soundcloud.com/aquadrop	3	13.3K	2	155	47
339118122	B3k	https://soundcloud.com/b3kofficial	1	192	188	16	236
1659545	Azealia Banks	https://soundcloud.com/azealia-banks	0	1.85M	51	35	25
312685285	Aline Rangel	https://soundcloud.com/mclina20	0	35	14	0	149
100570045	Country Club Disco	https://soundcloud.com/country-club-disco	32	21K	1,026	163	308
581511951	juliak00	https://soundcloud.com/user-2169634	0	8	24	0	264
63451934	jett black	https://soundcloud.com/jett-black-4	2	127	651	0	1,446
2195805	LVCIIIXX	https://soundcloud.com/jellyx	0	1,629	282	0	1,037
23283340	Lora Mateeva	https://soundcloud.com/lora-mateeva	1	942	897	12	4,786
151583527	s e r e n d i p i t y	https://soundcloud.com/serendipity-44	6	113	324	0	1,571
152722082	ghostlys	https://soundcloud.com/ghostlys	2	119	210	0	894
328052316	amber	https://soundcloud.com/amber-hendry-17165372	0	5	3	0	26
22605303	Ariea Boyd	https://soundcloud.com/ariea-boyd	3	51	323	0	1,338
182034501	Promises Ltd.	https://soundcloud.com/promisesltd	0	7,473	16	16	6
303615815	SABER	https://soundcloud.com/iamdjsaber	0	3,146	279	6	114
694191911	chevy69	https://soundcloud.com/mel-pughe-554007810	2	6	9	0	36
1818626	Bruno Furlan	https://soundcloud.com/djbrunofurlan	7	73.9K	1	160	212
418574778	Lorin	https://soundcloud.com/lorinbeats	3	264	68	25	61
212541140	Megan Hillhouse	https://soundcloud.com/meganhillhouse	5	33	37	0	746
736580950	Anun Dashdondov	https://soundcloud.com/anun-dashdondov	1	3	1	0	4
141480835	kdz	https://soundcloud.com/kdiaz6	1	4	10	0	17
194072341	Camila Almeida	https://soundcloud.com/camila-almeida-947904277	0	8	1	0	42
828225	Chris Lorenzo	https://soundcloud.com/chris-lorenzo-1	10	107K	34	45	103
215	Innervisions	https://soundcloud.com/innervisions	67	229K	5	346	17
222265804	Basma Dghoughi	https://soundcloud.com/basma-dghoughi	0	6	8	0	79
285579545	Darina Medvedeva	https://soundcloud.com/darina-medvedeva	0	10	2	0	99
206494548	Edita Raithel	https://soundcloud.com/edita-raithel	0	5	1	0	476
10911723	MichaelBibi	https://soundcloud.com/bibi-87	13	125K	125	75	81
289434136	Luke Andy	https://soundcloud.com/lukeandymusic	6	3,163	115	7	369
2319321	KalukiMusik	https://soundcloud.com/kalukimusik	44	16K	86	312	37
209272	Oliver Dollar	https://soundcloud.com/oliverdollar	3	31.1K	115	77	64
734998246	Flacaüòé	https://soundcloud.com/user-360755169	0	2	1	0	3
572691174	MEDUZA	https://soundcloud.com/meduzamusic	1	43.4K	1	34	7
308429519	san fe	https://soundcloud.com/san-fe-290160172	15	44	747	0	600
1515825	Henry Fong	https://soundcloud.com/henryfong	24	121K	1,337	96	1,662
903800	Dim Mak Records	https://soundcloud.com/dimmakrecords	288	559K	157	1,510	1,266
112160550	Marl√©n Nerli	https://soundcloud.com/marl-n-nerli	1	16	28	0	133
179754721	Svava Anne	https://soundcloud.com/svava-anne	1	13	70	0	144
7160025	Onderkoffer	https://soundcloud.com/onderkoffer	1	140K	114	67	111
572691	Sikdope	https://soundcloud.com/sikdope	18	191K	2	71	174
725772175	Í∂åÎÇòÍ≤Ω	https://soundcloud.com/8gcimf6ohdjq	0	1	2	0	6
142347501	Ane≈æka	https://soundcloud.com/anysi	0	3	4	0	386
170376111	Rayane Maira	https://soundcloud.com/rayane-maira	1	7	22	0	95
47486	Sonny Fodera	https://soundcloud.com/sonnyfodera	2	141K	29	282	85
45280258	Jaymes Young	https://soundcloud.com/jaymes-young	2	111K	0	39	4
505910697	–Æ–ª—è –†–æ–º–∞–Ω–µ–Ω–∫–æ	https://soundcloud.com/r7yfibuc8itb	0	1	2	0	261
694506509	Carmen	https://soundcloud.com/m-gurean-c-denisa	1	4	9	0	123
126663936	Annika Sophie	https://soundcloud.com/annika-sophie-blupp	1	22	28	0	156
328087337	Josy	https://soundcloud.com/josy-otto	1	5	33	0	359
605280021	D√§n√Ø √úp√´g√º√Ø	https://soundcloud.com/daeni-uepeguei	0	2	2	0	8
493111896	Vanusa da Costa	https://soundcloud.com/vanusa-da-costa-779997566	0	1	14	0	89
21379329	Kuur	https://soundcloud.com/kuur	9	9,000	276	19	1,667
44542257	Festify	https://soundcloud.com/festifysounds	0	3,756	84	0	334
440259816	Camilla Costa	https://soundcloud.com/camilla-costa-247637367	9	7	65	0	433
658674777	Blaacon	https://soundcloud.com/blaacon	0	970	281	3	59
685910603	Renad Alshiekh Ali	https://soundcloud.com/renad-alshiekh-ali	0	3	10	0	75
716683438	seacbienta	https://soundcloud.com/sabina-cilova	0	1	2	0	52
321119852	Haziel Mesen	https://soundcloud.com/haziel-mesen	1	4	10	0	31
4201764	davide toschi	https://soundcloud.com/davide-toschi	3	2,283	1,960	46	80
641567952	asis	https://soundcloud.com/ojvrzrvvxnac	0	2	0	0	43
29313471	Prince Fox	https://soundcloud.com/princefoxmusic	16	74.6K	650	67	1,857
713581075	Angela	https://soundcloud.com/angelaa-tn	0	2	0	0	2
159138530	Yanna Bragin	https://soundcloud.com/yanna-bragin	0	8	70	0	170
553905369	–ú–∞—Ä–∏—è –ó–∞–π–∫–æ–≤–∞	https://soundcloud.com/snxzqbebzoq7	0	4	15	0	89
296246493	Silvia Allende	https://soundcloud.com/silvia-allende-647176304	6	10	148	0	280
713771671	Yasmine Mohsen	https://soundcloud.com/yasmine-mohsen-347763877	0	1	6	0	11
33081431	Golf Clap	https://soundcloud.com/golfclapdet	8	42K	791	20	882
713213641	–ê–ª–∏—Å–∞ –ê–Ω–¥—Ä–µ–µ–≤–∞	https://soundcloud.com/qyjxldytcqq0	7	1	6	0	233
48825111	Marta Marcuta	https://soundcloud.com/marta-marcuta	0	14	4	0	14
712835164	Aixa Karen Garcia	https://soundcloud.com/aixa-karen-garcia	1	11	57	0	32
225816586	KNTXT	https://soundcloud.com/kntxtmusic	1	29.2K	29	128	99
3598225	Tale Of Us	https://soundcloud.com/taleofus	0	369K	30	48	13
711800233	Kyra Liddelow	https://soundcloud.com/kyra-liddelow-733738481	0	2	1	0	3
201938807	Moonlight	https://soundcloud.com/nastya-tseomashko	5	13	49	0	264
711731731	ludmi	https://soundcloud.com/ludmila-apavaloai	0	2	0	0	Fans also
710534023	Kiova Agudo Bravo	https://soundcloud.com/kiova-agudo-bravo	0	3	10	0	160
53400695	polastrojny123	https://soundcloud.com/polastrojny123	4	151	67	0	1,749
70305996	Insomniac Records	https://soundcloud.com/insomniacrecords	87	37.2K	13	128	206
710454268	Nikki Noordam	https://soundcloud.com/nikki-noordam	0	2	2	0	5
484435386	Dariela Banegas	https://soundcloud.com/dariela-banegas	0	1	0	0	22
127105903	Agustina Vargas	https://soundcloud.com/agustina-vargas-1	0	6	4	0	9
461068152	Puma's EDM	https://soundcloud.com/pumasedm	1	48.6K	0	0	20.8K
705108541	EDM Un-Plugged Podcast	https://soundcloud.com/edm_podcast	1	512	115	15	15
114217341	Filth on Acid	https://soundcloud.com/filthonacid	61	38.1K	37	253	173
493596690	Techno for Lovers	https://soundcloud.com/technoforlovers	11	3,710	3	18	111
124684953	Thain√° Souza	https://soundcloud.com/thain-souza-4	2	11	76	0	511
481501212	Toni Brown	https://soundcloud.com/toni-brown-461362725	0	1	1	0	7
703918877	Kate≈ôina Neck√°≈ôov√°	https://soundcloud.com/kate-ina-neck-ov-667837067	0	1	0	0	2
318542662	Feriel Mathlouthi	https://soundcloud.com/feriel-mathlouthi	0	2	3	0	Fans also
703745585	Hilde Krogsg√•rd	https://soundcloud.com/hilde-krogsgard	0	1	0	0	10
164191729	RedVilla	https://soundcloud.com/radvile-sidlauskait	2	11	10	3	5
233357120	jjbug	https://soundcloud.com/user-262072307	3	4	4	0	547
770138	WIND HORSE RECORDS	https://soundcloud.com/wind-horse-records	34	2,832	31	400	36
28909763	Hayley_Trewin.	https://soundcloud.com/hayley_trewin	0	19	76	0	162
631061418	flowerpower	https://soundcloud.com/flor-encia-16802088	0	2	9	0	37
492145143	Marianela Garcia Eula	https://soundcloud.com/marianela-garcia-eula	0	2	14	0	5
188379072	KariShma	https://soundcloud.com/karishma-pursnani	0	28	69	0	229
687750782	Juixy Jazz	https://soundcloud.com/christine-cabajes	2	3	75	0	149
50937170	Jerem	https://soundcloud.com/ssex21madisonrobinson	0	14	45	0	8
178042067	Lilia M	https://soundcloud.com/user-289819776	0	1	5	0	177
519574518	esme paixao	https://soundcloud.com/esme-paixao	1	1	2	0	512
8031303	Waze & Odyssey	https://soundcloud.com/wazeandodyssey	24	68.1K	3	85	122
531180	DAMIVN	https://soundcloud.com/damivn	1	13.2K	419	8	411
10626671	The Martinez Brothers	https://soundcloud.com/themartinezbros	12	223K	18	115	23
349757996	Keicyane Castro	https://soundcloud.com/keicyane-castro-935629145	0	3	68	0	73
468219267	Natali	https://soundcloud.com/natali-kril	0	1	1	0	349
520635789	TRICK	https://soundcloud.com/trick_label	25	10.4K	15	111	Fans also
403781415	Vozdukh	https://soundcloud.com/ssk6yo2d0blh	0	9	50	1	638
240080938	Sof√≠a Arg√ºello	https://soundcloud.com/sofia-argueello	2	18	37	0	35
189067346	RISE	https://soundcloud.com/risebln	6	6,166	360	73	645
3648546	Terri Lee	https://soundcloud.com/terriharel	2	392	899	28	1,281
9951887	Azucar Digital	https://soundcloud.com/azucar-digital	21	4,319	126	1,298	1,298
4150974	Afro Rebel Music	https://soundcloud.com/afrorebelmusic	23	4,946	1,732	85	1,016
39647654	DOORN Records	https://soundcloud.com/doornrecords	46	222K	28	362	15
665086958	djana	https://soundcloud.com/nadja-loncar-518779807	0	2	20	0	72
15336337	Missi Buscher	https://soundcloud.com/missi-buscher	0	53	37	0	184
486728607	Bruna	https://soundcloud.com/bruna-portela-590687094	0	2	13	0	32
548199717	vin	https://soundcloud.com/y7hgpwvsuh3n	1	11	62	0	257
295189149	Mariya	https://soundcloud.com/user-11383521	39	32	210	0	732
654122784	JENYA TSANK	https://soundcloud.com/eugeniatsank	0	63	326	2	1,086
511331529	Szilvia	https://soundcloud.com/mila-szilvia-bujbaczi	0	2	1	0	179
98431801	Tirnovan Anca	https://soundcloud.com/tirnovan-anca	1	14	69	0	115
688723562	lia moretti	https://soundcloud.com/user-680006774	13	4	21	0	14
99738150	Beach Podcast Since 2014	https://soundcloud.com/kk-remixe	84	15.2K	2,000	637	42.6K
61184994	mkefalas	https://soundcloud.com/mkefalas	1	70	145	0	1,421
402598497	–ê–ª–µ–∫—Å–∞–Ω–¥—Ä–∞ –£–∑—É–Ω–æ–≤–∞	https://soundcloud.com/9i4j2m5ephqj	0	1	14	0	30
84031669	elisevilep	https://soundcloud.com/elisevilep	6	34	37	0	372
685354958	Milana T	https://soundcloud.com/milana-tyurikova	1	3	4	0	64
685224902	Juliana	https://soundcloud.com/user-194587055	0	1	2	0	165
89336331	Diana Petra Russkova	https://soundcloud.com/diana-petra-russkova	59	138	1,342	7	3,174
445146609	User 23823245	https://soundcloud.com/user-23823245	0	1	0	0	20
647615157	Àö‚Çä‚Äß‚Çä (:Ã≤ÃÖ:Ã≤ÃÖ:Ã≤ÃÖ[Ã≤ÃÖ:mitty‚ô°:]Ã≤ÃÖ:Ã≤ÃÖ:Ã≤ÃÖ:Ã≤ÃÖ) Àö‚Çä‚Äß‚Çä	https://soundcloud.com/camila-silva-218872356	5	5	18	0	699
97679481	DAMI	https://soundcloud.com/damimusic	1	592	112	8	400
679724057	marinaamlr	https://soundcloud.com/marina-martin-laborda	1	9	6	0	88
682108955	Raluca Pavel	https://soundcloud.com/raluca-pavel-184708043	0	5	25	0	710
412520109	Kenzie Kasinger	https://soundcloud.com/kenzie-kasinger	0	3	9	0	43
657714810	Albina Hellstrom	https://soundcloud.com/albinahellstrom	0	49	113	0	220
257742253	Ana Barcellos	https://soundcloud.com/ana-barcellos-255329013	0	4	6	0	124
679833110	klaracapkova	https://soundcloud.com/kl-ra-apkov-206462955	0	6	16	0	87
314352381	Ileana Cede√±o.	https://soundcloud.com/ileana-cedeno-gomez	0	2	0	0	12
342021595	Evelina Veselova	https://soundcloud.com/evelina-veselova	1	6	8	0	374
172852012	Irina Penkina	https://soundcloud.com/irina-penkina-185040390	3	10	35	18	158
4180213	mau5trap	https://soundcloud.com/mau5trap	6	239K	273	467	342
21821266	Hany :)	https://soundcloud.com/lenka-vyb-halov	0	124	126	0	856
247905531	GLOCKWORK	https://soundcloud.com/glockworkrecordsmusic	21	11.8K	188	180	5,583
191582124	Kaylee King	https://soundcloud.com/kaylee-king-317629678	1	14	12	0	1,292
671960513	Geraldine Infante	https://soundcloud.com/geraldine-infante-602890719	1	1	0	0	6
678045872	Valeria Vasko	https://soundcloud.com/valeria-vasko-24856557	1	2	14	0	84
149493763	Marissa Lynn Campagna	https://soundcloud.com/marissa-lynn-campagna	6	10	28	0	342
675471911	celyaa	https://soundcloud.com/celia-prat	0	4	13	0	186
6046883	Fatboy Slim	https://soundcloud.com/fatboyslim	30	297K	3	557	3
423048828	A/S üé∂	https://soundcloud.com/ashleigh-sparks-195020519	0	10	75	0	148
232863112	Mollie Brin	https://soundcloud.com/mollie-brin	0	18	27	0	1,395
215431479	_mkaurr	https://soundcloud.com/user-510363756	3	5	11	0	196
368500970	Nadine Azzura	https://soundcloud.com/nadineazzura	0	15	77	0	67
674278556	Azul Souto	https://soundcloud.com/azul-souto	1	3	15	0	43
674608550	Rawan Esmail	https://soundcloud.com/rawan-esmail-587374165	0	2	3	0	20
110746707	Emine ≈ûim≈üek	https://soundcloud.com/eminesiimsek	1	7	3	0	4
114343214	Loli	https://soundcloud.com/lolichul	0	44	14	0	24
314865980	Mariette van Dyk	https://soundcloud.com/mariette-van-dyk-341841850	1	4	5	0	60
675572993	Alba ArCu	https://soundcloud.com/alba-arcu	1	2	0	0	Fans also
470627595	User 370651090	https://soundcloud.com/user-370651090-567666611	0	1	0	0	27
658321035	Chantelle Virginia	https://soundcloud.com/chantelle-virginia	0	2	0	0	3
474266994	lilim	https://soundcloud.com/halima-baalouach	1	19	97	0	546
306417757	Fazana Ahmed	https://soundcloud.com/fazana-ahmed-722008175	0	6	2	0	3
673892885	Tinki‚õìüîä	https://soundcloud.com/vanessa-schulz-749660977	4	17	60	0	604
338356910	Varga R√©ka	https://soundcloud.com/varga-reka-354199642	0	9	13	0	330
673558994	Fanni Nagy	https://soundcloud.com/fanni-nagy-376784057	0	3	0	0	10
626586498	Leidy Mancera	https://soundcloud.com/leidy-mancera	0	2	2	0	134
28377140	Lipstick Trash	https://soundcloud.com/lipstick-trash	2	2,248	1,252	2	28
73056048	emma king	https://soundcloud.com/emmaking33	10	75	109	0	350
664341417	–ö—Å–µ–Ω–∏—è –®–∏—Ñ–µ—Ä—à—Ç–µ–π–Ω	https://soundcloud.com/oo066ccltmcz	0	5	18	0	47
658960767	Michele Moraes	https://soundcloud.com/michele-moraes-473227059	0	1	1	0	30
663940965	–í–∏–∫—Ç–æ—Ä–∏—è –ö–∞–º–µ–Ω—Å–∫–∞—è	https://soundcloud.com/7klrxbckpo9m	0	2	5	0	10
557851398	Shelby Katsuragi	https://soundcloud.com/shelby-katsuragi	0	9	1	0	81
140158285	Margaret Adams	https://soundcloud.com/margaret-adams-12	2	45	414	0	796
2284118	Gene Farris	https://soundcloud.com/genefarris	4	24.2K	319	136	74
3047775	Kitsun√© Musique	https://soundcloud.com/kitsunemusique	92	132K	165	797	391
7978952	Lonely Boy	https://soundcloud.com/lonelyboymusic	5	7,338	328	32	58
368749	Pierce Fulton	https://soundcloud.com/piercefulton	8	67.3K	20	145	147
323824411	Janina Eileen	https://soundcloud.com/janina-eileen-kuhfuss	0	3	25	0	119
112729074	terezab	https://soundcloud.com/purryns	3	3	31	0	177
658912548	Alena	https://soundcloud.com/alena-326340309	0	6	35	0	2
171396817	–õ—è—Ä–Ω–∞—Ç–æ–≤–∏—á –ú–∞—Ä—Ç–∞	https://soundcloud.com/x9yeujjxji3q	3	6	10	0	22
34284029	Beach House Session	https://soundcloud.com/beachhousesession	284	14.2K	701	2	1,178
54027912	Giovanna Parisi	https://soundcloud.com/giovannaparisi	2	63	173	0	261
335453110	Amber Regan	https://soundcloud.com/amber-regan-899179471	34	55	29	0	2,410
656942877	ewa	https://soundcloud.com/evakii-819954261	0	2	1	0	2
342263923	ProducerDojo	https://soundcloud.com/producerdojo	54	2,815	292	34	224
5005382	Mister Lake	https://soundcloud.com/mister-lake	2	1,046	1,816	28	385
505553775	Natalia Garzon Amaya	https://soundcloud.com/natalia-garzon-amaya	0	1	3	0	354
142890320	Christina Otreshchenko	https://soundcloud.com/christina-otreshchenko	0	2	2	0	1
37539364	Kristie Wong	https://soundcloud.com/kristie-wong	1	64	325	0	1,020
468321984	Tatyana Romanova	https://soundcloud.com/tatyana-romanova-657715264	1	1	3	0	157
338162509	Anet Baranova	https://soundcloud.com/anet-baranova	2	5	6	0	537
650857920	Aina Sastre	https://soundcloud.com/aina-sastre	0	2	1	0	Fans also
176330066	2kool	https://soundcloud.com/2koolofficial	1	1,872	196	11	803
75366455	Kokiri	https://soundcloud.com/kokiri-music	1	12.8K	595	106	40
150838663	TayTaysWorld	https://soundcloud.com/abkrecords106	4	1,941	30	43	511
2520501	KALI	https://soundcloud.com/houseofkali	0	593	131	3	626
15904471	DHA FM (Deep House Amsterdam)	https://soundcloud.com/deep-house-amsterdam	12	447K	6	1,488	545
217578784	lilly manning	https://soundcloud.com/user-610681392	10	4,869	39	0	237
529906	Sidney Charles	https://soundcloud.com/hurricane-kid	14	88K	299	251	876
780848	cassian	https://soundcloud.com/cassian88	6	44.6K	521	80	82
148161100	Night Bass	https://soundcloud.com/nightbassrecords	100	99.9K	40	822	145
15301962	KAYZO	https://soundcloud.com/kayzo-music	10	189K	972	84	3,855
635881215	carlu	https://soundcloud.com/swen-heinze-677713982	0	7	8	2	1
16059310	This Never Happened	https://soundcloud.com/thisneverhappenedlabel	99	203K	341	570	106
262829760	Nataliia	https://soundcloud.com/natalia-wlazlo	0	12	4	0	395
40581518	Weiss	https://soundcloud.com/weissuk	5	50.9K	63	115	81
134127706	fatimadeyanira	https://soundcloud.com/fatimadeyanira	0	9	20	0	39
388000286	Tracy Hellss	https://soundcloud.com/tracy-hellss	0	7	17	0	97
37994022	alexrainbirdMusic	https://soundcloud.com/alexrainbirdmusic	277	26.2K	1,992	64	117
276923128	Vendy Kim	https://soundcloud.com/vendy-kim	9	9	12	0	32
632568870	Luisa Pedraza	https://soundcloud.com/luisa-pedraza-900371315	0	4	0	0	4
145070867	Future House & Deep	https://soundcloud.com/futurehouseanddeep	0	150K	124	81	2,940
28687717	Akira Akira	https://soundcloud.com/isthatakira	7	3,949	644	55	2,271
211452789	Caitlin Macgregor	https://soundcloud.com/caitlin-macgregor-59063393	0	9	7	0	286
98837529	Amanda Maree Bourke	https://soundcloud.com/amanda-maree-bourke	40	34	175	0	438
149988956	Melody S	https://soundcloud.com/mellowd123	0	14	50	0	324
4345660	Charlotte Mougenot	https://soundcloud.com/charlotte-mougenot	1	60	112	0	213
164122867	user485288079	https://soundcloud.com/user485288079	4	2	0	0	23
27102476	sahar rezaei	https://soundcloud.com/sahar-rezaei	0	42	34	2	38
28445553	DEEP Los Angeles	https://soundcloud.com/deeplosangeles	0	10.6K	112	84	15
313482680	–°–∏–º–ø–∞—Ç–∏—á–Ω—ã–π –†–∞—à–µ—Ä	https://soundcloud.com/dypazu835b3e	1	1	1	0	23
632866029	Carolina	https://soundcloud.com/carolina-castillo-126401143	0	4	0	0	75
501081303	Outstanding Members	https://soundcloud.com/outstandingmembers	2	2,018	273	41	26
567290916	Anavai	https://soundcloud.com/user-971069691-611786823	0	2	39	0	145
513967659	Patricia Mesquita	https://soundcloud.com/patricia-silvaa-m	4	3	17	2	122
503928624	Nguy·ªÖn Ti·∫øn Nam	https://soundcloud.com/nguy-n-ti-n-nam-322375450	1	2	13	0	31
210416488	Tsengvnnn	https://soundcloud.com/190209tg	0	5	33	0	103
207215256	Erica C	https://soundcloud.com/erica-c-26706333	1	10	16	0	64
438154554	Eliza Mei Lin Liu	https://soundcloud.com/eliza-mei-lin-liu	6	4	8	0	44
630558540	Marina Kuznetsova	https://soundcloud.com/marina-kuznetsova-681500854	0	3	1	0	Fans also
231305541	Ashlyn Krutko	https://soundcloud.com/ashlyn-krutko	0	3	0	0	78
383501534	–ù–∞—Å—Ç—é—à–∫–∞ –ö—Ä–∞–ø–∏–≤–∏–Ω–∞	https://soundcloud.com/7wbtxhlai8wv	0	3	0	0	Fans also
58704069	Rich Medina	https://soundcloud.com/rich-medina	1	5,218	41	41	2
369017936	Paris Boulton	https://soundcloud.com/paris-wypych	0	7	8	0	202
267433371	Hegyi Orsolya	https://soundcloud.com/hegyi-orsolya	0	2	7	0	76
246344177	Jinna G	https://soundcloud.com/djinnag	2	5,336	1,364	40	1,243
632422815	N√¢t√¢ll√Æ G√™r√¢ld√Æ√Æn√™ L√¥p√™zz	https://soundcloud.com/natalli-geraldiine-lopezz	0	5	17	0	245
632440722	SuGarFly	https://soundcloud.com/jacqui-line-805697582	0	2	3	0	11
30303156	BAEZA SOUND	https://soundcloud.com/baezasound	11	143	1,043	0	1,704
8977747	Preto E Preta	https://soundcloud.com/pretoepreta	0	36	24	0	60
41716181	Joaqu√≠n	https://soundcloud.com/tyler-j-warner	2	36	94	1	165
632036310	–ê–Ω–Ω–∞ –ö–∞–≤—É–Ω	https://soundcloud.com/3ofsiqjf5vig	0	1	0	0	19
535314987	Katia K	https://soundcloud.com/katia-k-463904411	0	2	3	0	198
264659098	Tami Baez	https://soundcloud.com/tami-baez-42841312	0	21	21	0	451
317291355	ÌïúÍ∑úÎ¶¨	https://soundcloud.com/h1dyqffj8opw	0	5	14	0	115
57872	Matthew Dear	https://soundcloud.com/matthewdear	5	57.6K	5	190	30
411510699	Lima	https://soundcloud.com/lima-love	0	5	5	0	810
95982	Ninja Tune	https://soundcloud.com/ninja-tune	445	5.5M	138	1,384	359
511824930	Alexx	https://soundcloud.com/ib440bmcpxze	17	7	82	0	1,285
630471525	Riin Lepik	https://soundcloud.com/riin-lepik	0	5	4	0	21
574639134	boadicea	https://soundcloud.com/daria-pysenko	0	4	4	0	205
120108015	Beatriz Falc√£o	https://soundcloud.com/biia-rodrigues-9	2	58	38	0	83
206772811	Bellyyx	https://soundcloud.com/bellyyx	1	16	66	0	1,051
290473134	ùëÖùëúùí∏ùíΩùìé	https://soundcloud.com/roaramendi	0	17	61	0	27
339636170	Maria Valentina	https://soundcloud.com/maria-valentina-76741685	0	7	16	0	33
627332442	Vanessa Miguel	https://soundcloud.com/vanessa-miguel-375194762	0	2	0	0	44
607819056	Jenifer Coronado	https://soundcloud.com/jenifer-coronado-rojas	1	3	4	0	122
572610567	Yennifer Pulido	https://soundcloud.com/yennifer-pulido	0	2	4	0	110
80872	HW&W Recordings	https://soundcloud.com/huhwhatandwhere	2	118K	12	120	3
625113663	Rina Grossman	https://soundcloud.com/rina-grossman	0	3	4	0	29
628969752	lisskoster	https://soundcloud.com/lisa-kosteer	0	6	18	0	53
629000451	Vanessa Breezy	https://soundcloud.com/vanessa-breezy-889556821	2	5	8	0	30
626435799	Tana	https://soundcloud.com/ale-gc-588647114	0	25	111	0	187
18129479	MuSiCnOLLe	https://soundcloud.com/nolle-dietolle	62	750	1,319	107	12K
627847116	Rania Salaah	https://soundcloud.com/rania-salaah-868685527	0	3	2	0	788
352294685	Yara-Nasser	https://soundcloud.com/yara-nasser-800868663	2	27	167	0	832
299690343	Shannyn Hultin	https://soundcloud.com/shannyn-hultin-960838755	21	47	660	0	1,977
126112541	Leeyah Pham	https://soundcloud.com/leeyah-pham	0	8	8	0	54
326289880	DJ LAKSHMI #Djlakshmizouk	https://soundcloud.com/julie-dancer	14	18	38	4	752
268875003	Jemma Stephens	https://soundcloud.com/jemma-stephens-487221316	2	4	8	0	39
628134684	Wissem Hani	https://soundcloud.com/wissem-hani	0	10	7	0	42
212110414	krosekaimann	https://soundcloud.com/krosekaimann	4	4	22	0	171
100327967	Marrina Wells	https://soundcloud.com/marrina-wells	1	10	48	0	310
347836682	arman rajpoot	https://soundcloud.com/arifa-arifa-208857906	2	62	162	0	1,007
15361040	JavyDade	https://soundcloud.com/javydade	3	2,082	34	55	3
198843422	SimpkinsTwins	https://soundcloud.com/simpkinstwins	0	2,363	1	7	Fans also
527081574	DISTRICT 1	https://soundcloud.com/district1music	0	195	6	2	195
226728563	ac√≥smica	https://soundcloud.com/acosmicadj	3	191	498	3	193
581237910	Vera Khrapach	https://soundcloud.com/vera-khrapach-301194887	1	15	92	0	550
25925139	Rialina	https://soundcloud.com/riasaarinen	3	147	297	2	1,755
552849285	Sona	https://soundcloud.com/ulhereo0thqv	0	3	10	0	526
83370688	Stromae	https://soundcloud.com/stromae	0	78.8K	0	63	Fans also
626641770	yeni diansari	https://soundcloud.com/yeni-diansari	2	3	6	0	Fans also
203889326	West Coast Weekender	https://soundcloud.com/westcoastwkndr	6	750	731	65	152
130939979	Mariana Weffort	https://soundcloud.com/mariana-weffort	0	1	7	0	323
87288397	Hallierose	https://soundcloud.com/hallierose-2	3	62	57	0	397
7311772	B	https://soundcloud.com/biancabrookemusic	0	80	8	25	61
244614652	Laura Jayde Turner	https://soundcloud.com/laura-jayde-turner	0	7	4	0	93
590602359	Felicia Samuelsson	https://soundcloud.com/felicia-samuelsson-452610671	0	2	5	0	9
624642837	Renata Alem√°n	https://soundcloud.com/ls-renata	0	2	3	0	101
624094596	vanessa cardona	https://soundcloud.com/vanessa-cardona-979337520	0	1	0	0	2
447641316	naomi	https://soundcloud.com/naomii-gorts	1	2	8	0	215
15707873	Shelley Kim	https://soundcloud.com/machinegunshelley	0	101	466	0	2,025
203186	Aney F.	https://soundcloud.com/aneyf	5	9,200	6	204	68
3016679	Marlon Easy	https://soundcloud.com/marloneasy	2	1,793	1,547	13	96
334049735	Anless	https://soundcloud.com/anzhela-skr	6	15	54	0	452
528598236	Ayse Zaƒülƒ±	https://soundcloud.com/ayse-za-l	3	3	3	0	50
623404608	Sofi Rosales	https://soundcloud.com/user-203032701	0	5	5	0	8
598130148	–î–∂—É–ª–∏–∞–Ω–∫–∞	https://soundcloud.com/10juliia10	0	3	0	0	114
38163715	b.simi88	https://soundcloud.com/b-simi88	0	3	19	0	18
621564051	–ê–Ω–∞—Å—Ç–∞—Å–∏—è –°–æ–ª–æ–º–∫–æ	https://soundcloud.com/pa3mbi8rcqah	0	1	1	0	Fans also
170812963	Oksolkim  Kim	https://soundcloud.com/oksolkim-kim	0	22	35	0	2,638
411405573	–ü–æ–ª–∏–Ω–∞ –Ø–∫—É–±–æ–≤—Å–∫–∞—è	https://soundcloud.com/a1cdptsdmqwf	0	3	24	0	8
595959621	Maeva Fouquet	https://soundcloud.com/maeva-fouquet-168180768	3	9	124	0	221
41309405	fifirochet	https://soundcloud.com/fifirochet	1	45	12	0	1,019
23894322	Krish	https://soundcloud.com/krishrecords	1	1,302	21	54	82
825214	SABIO	https://soundcloud.com/djsabioofficial	2	394	1,274	21	572
201338475	Imogenn Megg Hartleyy	https://soundcloud.com/imogenn-megg-hartleyy	0	2	0	0	2
622563255	Karol Vega	https://soundcloud.com/ana-sofia-ramirez-152382473	1	3	2	0	3
321366566	apieceofyou	https://soundcloud.com/alina-bertash	5	10	18	0	782
621940728	Robyzirano	https://soundcloud.com/roberta-zirano	0	1	2	0	3
281142182	tanyushaaag	https://soundcloud.com/tatiana-grosu-713000514	0	2	0	0	197
592526127	Teo	https://soundcloud.com/pascuteo	7	4	22	0	999
126404951	Rachel	https://soundcloud.com/spacemd	0	20	36	0	279
562872222	azuulolivera	https://soundcloud.com/azul-olivera-880336032	10	4	3	0	76
517703586	Mar√Øa	https://soundcloud.com/maria-955258032	0	1	5	0	2
616300188	liz Garc√≠a	https://soundcloud.com/liz-garcia-831149171	0	16	0	0	52
621574380	Dzoli	https://soundcloud.com/user-450708503	4	2	0	0	4
522604038	–î–∞–Ω–∏—ç–ª–ª–∞ –û–≤—á–∞—Ä–µ–Ω–∫–æ	https://soundcloud.com/rh3ggoh4gnlh	0	7	17	0	795
316526436	Maya Wilson	https://soundcloud.com/maya-wilson-49504205	5	10	7	0	1,016
612189888	Camila	https://soundcloud.com/user-854157060	7	12	48	0	137
48577994	KETAMI	https://soundcloud.com/ketami-a_b	13	3,304	1,448	107	1,919
51267964	Jackeline Hern√°ndez	https://soundcloud.com/jackelineh	5	10	22	0	8
211829084	Chantelle Stuart	https://soundcloud.com/chantelle-stuart-515542291	1	3	5	0	3
148045435	Katie Todd	https://soundcloud.com/katie-todd-14	1	13	74	0	64
1738041	Mr. Wright	https://soundcloud.com/mrwrightofficial	5	934	2,000	21	1,828
185734947	L√≥r√°nth Kriszta	https://soundcloud.com/l-r-nth-kriszta	0	4	2	0	131
619986459	Fabiane Rodrigues	https://soundcloud.com/fabiane-rodrigues-476694081	0	2	10	0	34
362362691	Selma Filipovic	https://soundcloud.com/selma-filipovic-684435279	1	18	172	0	297
595853907	jamille	https://soundcloud.com/jamille-martins-389714905	2	2	4	0	122
408866553	Jassy Col	https://soundcloud.com/jassy-col	0	17	156	1	745
620433363	√áiƒüdem ≈ûen	https://soundcloud.com/i-dem-en-601798461	0	2	4	0	4
491414370	Sara Karine	https://soundcloud.com/sara-karine-509805112	0	1	10	0	114
210355281	Lauren Noonanü¶ã	https://soundcloud.com/laurennoonan	5	140	14	0	7,246
274334508	Nathan Gorey	https://soundcloud.com/nathangorey	3	168	461	13	1,196
472942152	Anastasiya	https://soundcloud.com/anastasiya-42623004	0	1	11	0	229
586296798	emy.fina004	https://soundcloud.com/user-731657500	2	3	6	0	230
497064	Flavio Zarza	https://soundcloud.com/flaviozarza	2	8,298	794	3	139
620398695	Estefania	https://soundcloud.com/estefania-402010663	0	3	1	0	35
619915479	Alejandra Londo√±o	https://soundcloud.com/alejandra-londono-144234267	0	2	1	0	93
552806973	Stella Fragkeskides	https://soundcloud.com/stella-fragkeskides	0	4	0	0	146
332322396	Gretel Abrego	https://soundcloud.com/gretel-abrego	0	3	0	0	8
619812906	Elaine Hutchison	https://soundcloud.com/elaine-hutchison-915475895	1	4	3	0	61
22385825	Laura Velasquez	https://soundcloud.com/lauravelasqueza	1	82	633	0	308
184223267	Talitha Free	https://soundcloud.com/talitha-free-441789893	0	11	69	0	423
105098395	Mackenzie Daniels 3	https://soundcloud.com/mackenzie-daniels-3	0	4	4	0	10
540361278	ri	https://soundcloud.com/grnmydsum5ma	0	5	18	0	2
6545856	COLOURS.	https://soundcloud.com/coloursldn	2	3,712	372	5	1,131
120073667	baddcheeta	https://soundcloud.com/baddcheeta	3	632	594	38	6,109
340403501	–û–∫—Å–∞–Ω–∞ –°–∫—Ä–∏–ø–∫–∞	https://soundcloud.com/bx7bebasjt18	0	4	0	0	3
618919875	Krist√Ωna Kub√≠ƒçkov√°	https://soundcloud.com/krist-na-kub-kov-122827773	0	4	1	0	1
31108818	Julia van Zeist	https://soundcloud.com/julia-van-zeist	0	82	142	0	747
308889138	Palloma Sant'Anna	https://soundcloud.com/palloma-santanna	0	13	42	0	567
57974664	Gabriella Sinden	https://soundcloud.com/gabriella-sinden	0	79	261	0	672
612795594	mathiaspamela37	https://soundcloud.com/mathiaspamela37	0	4	2	0	66
209498034	Ciara Reilly	https://soundcloud.com/ciara-reilly-442935728	0	11	2	0	347
618455010	Melanie Grover	https://soundcloud.com/melanie-grover-639145286	1	3	1	0	4
170028220	Thais Borges	https://soundcloud.com/thais-borges-364697343	0	28	155	0	754
615208371	Fraaan.dominic	https://soundcloud.com/fraan-martinez-545834686	0	6	23	0	29
23054085	Lorena da Veiga	https://soundcloud.com/lorena-da-veiga	1	195	498	2	460
397762947	Ira	https://soundcloud.com/ira-k-ch	0	3	18	0	1,001
445073607	üåπ Lin Littleton üåπ	https://soundcloud.com/linlittleton	1	1,153	820	6	42
258706193	Gladys Garcia	https://soundcloud.com/gladys-garcia-988357472	0	2	2	0	4
121546717	Emilly Leifheit	https://soundcloud.com/emilly-leifheit	1	34	39	0	316
1695415	Aaron Sargent (Aoftoday)	https://soundcloud.com/aaronsargent	1	220	396	44	30
227897538	Rachel Cilk	https://soundcloud.com/rachel-cilk	19	32	153	0	918
168459212	–Ω–µ—Ç –≤—ã—Ö–æ–¥–∞	https://soundcloud.com/you-caught-my-eye	4	145	1,908	0	7,717
1499117	Darius (Official)	https://soundcloud.com/dariusofficial	3	163K	1	32	17
10511852	HyeonJeong Seo	https://soundcloud.com/hyeonjeong-seo	0	14	31	0	167
570713139	Layani Alondra	https://soundcloud.com/layani-alondra	0	3	16	0	76
265962359	Oliwia Jakubiszyn	https://soundcloud.com/oliwia-jakubiszyn	0	4	1	0	24
40932230	Irina  Luzhetsky	https://soundcloud.com/irina-luzhetsky	0	2	0	0	29
614280057	TechnoSonic	https://soundcloud.com/sofya-ermakova	0	3	0	0	28
189851870	Tram Nguyen	https://soundcloud.com/tram-nguyen-61375055	0	13	14	0	167
82372100	Adrianna Malczewska	https://soundcloud.com/adrianna-malczewska	0	17	20	0	504
525323418	AnnaLouiseSouleyü§ç	https://soundcloud.com/anna-louise-souley-819807889	1	10	18	0	42
72159929	Iana Cristina	https://soundcloud.com/ianacristina	1	24	41	0	484
154735412	KarenB	https://soundcloud.com/karenbabenko	0	18	58	0	311
618129153	Polya Furman	https://soundcloud.com/polya-furman	0	3	5	0	139
160340895	Eriko Mizuno	https://soundcloud.com/eriko-mizuno	0	14	60	0	344
79831608	dilanarslan	https://soundcloud.com/dilanarslan	0	3	13	0	24
106313306	Jay Slay üíé	https://soundcloud.com/jayslaymusic	12	2,084	1,090	24	231
617820387	Linda Mautone	https://soundcloud.com/linda-mautone	0	4	30	0	194
588447651	Steph Guerra	https://soundcloud.com/steph-guerra-426931901	0	5	11	0	76
340528294	Ilona Adamczyk	https://soundcloud.com/ilona-adamczyk	0	5	13	0	82
137870272	Nicola Orkisz	https://soundcloud.com/nicola-orkisz	0	9	67	0	566
87215142	Lau H	https://soundcloud.com/dj-lauh	46	534	274	4	7,628
378542	Teenage Mutants	https://soundcloud.com/teenage-mutants	0	67.1K	21	113	548
222543	Nic Fanciulli	https://soundcloud.com/nicfanciulli	6	146K	92	146	64
25944	REKIDS	https://soundcloud.com/rekids	164	60.5K	144	984	32
4813030	Terminal M Records	https://soundcloud.com/terminalm	28	37.1K	4	585	20
151999251	Jennifer Berntsson	https://soundcloud.com/jennifer-berntsson	13	40	250	0	3,023
92993367	Kaylee Bloor	https://soundcloud.com/kaylee-bloor	0	27	139	0	27
34258368	Lillian Valdez	https://soundcloud.com/lillian-valdez	3	34	125	0	650
77174821	Karis Burrell	https://soundcloud.com/karis-burrell	1	9	23	1	121
617351562	Flavie Lallement	https://soundcloud.com/flavie-lallement	0	10	9	0	648
170964760	Nostalgix	https://soundcloud.com/nostalgixmusic	25	4,332	139	19	158
310396397	Jesi Sarraf	https://soundcloud.com/jesisarraf	6	1,462	914	18	636
341040180	Darya Nelyubova	https://soundcloud.com/darya-nelyubova	7	4	5	0	15
280644319	lauraxgjan	https://soundcloud.com/lauraxgjan	1	2	15	0	62
456377007	Elise Etienne	https://soundcloud.com/elise-etienne-641070211	0	6	15	0	76
590438808	Alesya Beklova	https://soundcloud.com/alesya-beklova	0	1	7	0	380
448724229	–õ–∏–∑–∞ –ë–µ—à–µ–∫—É—Ü–∞	https://soundcloud.com/jontcradlouy	0	1	3	0	235
596824932	Xeniya Bond	https://soundcloud.com/xeniya-bond	0	2	0	0	71
481662792	Dania Daboubi	https://soundcloud.com/dania-daboubi	0	1	0	0	12
140855059	Elodie Txr	https://soundcloud.com/elodie-txr	1	13	42	0	474
246389267	Lola Santamaria	https://soundcloud.com/lola-santamaria-993907122	0	4	4	0	4
449118984	SENTIMEYS	https://soundcloud.com/user-170774184	0	1,659	679	9	9
17643044	HAYDEN JAMES	https://soundcloud.com/haydenjamesartist	11	84.5K	91	112	63
492538290	L√©a Lemoine	https://soundcloud.com/lea-lemoine-436621974	0	4	8	0	13
616947417	pou4imsya	https://soundcloud.com/crx5gbay9zjf	0	5	2	0	43
54432347	Fat Beattt	https://soundcloud.com/fatbeat8643	2	110	453	0	1,704
609087351	x_ash_bxby_69_x	https://soundcloud.com/user-726123959	1	5	30	0	34
358255766	Polina Nikolakakis	https://soundcloud.com/polina-nikolakakis	0	3	9	0	59
214992726	karinna	https://soundcloud.com/karinna-barrantes	0	9	10	0	43
59246346	Frau Azie Beuty	https://soundcloud.com/frau-azie-beuty	31	63	299	0	236
65683241	froffin some troffin	https://soundcloud.com/user560386794	6	13	96	0	1,330
314004493	Any Rodrigues	https://soundcloud.com/anny-rodrigues-501007434	1	7	20	0	158
269473939	Angelica Castro Diaz	https://soundcloud.com/angelica-castro-diaz	1	15	163	0	2,051
523150830	Kasia Klecz	https://soundcloud.com/kasia-klecz	0	1	0	0	33
460022967	Luce x	https://soundcloud.com/lucy-diana-frances-bridger	1	37	312	0	1,365
95222194	*Cate_Laliluu*	https://soundcloud.com/ate_aliluu	10	69	548	0	1,338
164898529	Estefania Saavedra	https://soundcloud.com/estefania-saavedra-2	4	13	34	1	144
191234140	All My Friends Recordings	https://soundcloud.com/allmyfriendsrecordings	1	5,166	25	5	91
156893849	maddisonloooooos13	https://soundcloud.com/maddisonloooooos13	6	26	141	0	380
29412	Uppermost	https://soundcloud.com/uppermost	17	86K	77	301	56
616289112	Brayan Gallego	https://soundcloud.com/brayan-gallego-439729505	0	3	15	0	447
67969455	Frida Elmqvist	https://soundcloud.com/frida-elmqvist	0	40	28	0	1,583
106619353	liz~puig	https://soundcloud.com/lizpuig	2	34	191	0	1,902
616239588	Abbey Gardner	https://soundcloud.com/abbey-gardner-804913039	0	3	2	0	14
389821638	Natasha Galvan Rondon	https://soundcloud.com/natasha-galvan-rondon	0	4	5	0	141
125139125	gatti	https://soundcloud.com/agataa28	2	109	217	0	2,255
615524172	Gabriielly Macedo	https://soundcloud.com/gabriielly-macedo	0	2	2	0	248
18943209	car2mie	https://soundcloud.com/carretjies	13	71	96	0	1,236
2199457	TRANTIC	https://soundcloud.com/trantic	5	3,383	1,368	38	3,896
13587494	Ashley	https://soundcloud.com/ashley-pon	17	20	99	0	562
205104967	selina	https://soundcloud.com/selina-mourits	0	8	18	0	183
608707041	Sofia Tironeac	https://soundcloud.com/sofia-tironeac	0	6	19	0	119
616147560	Beatriz J√∫lia	https://soundcloud.com/beatriz-julia-511853480	0	2	0	0	12
1594208	‚ñ∫Sknoc.	https://soundcloud.com/shelly-knocton	1	187	358	0	2,030
61697411	savyyysav	https://soundcloud.com/savyyysav	0	83	168	0	3,347
392717646	Masha Alieynikova	https://soundcloud.com/masha-aleinikova	7	47	50	0	1,821
182794491	Alejandra Martinez	https://soundcloud.com/alejandra-martinez-511060787	1	10	74	0	881
20736459	bassgirl13	https://soundcloud.com/bassgirl13	0	26	139	0	131
6081121	KAR POW	https://soundcloud.com/karpow	1	1,253	619	6	1,589
307208691	charleymagee	https://soundcloud.com/user-682405651	0	7	14	0	5
127917076	aleksandra	https://soundcloud.com/aleksandra-24	2	10	137	0	347
519618528	lillyHeree	https://soundcloud.com/manushi-nimsara	2	12	15	0	339
52234425	the_za	https://soundcloud.com/the_za	0	58	421	0	4,073
79016143	katelyn_ann91	https://soundcloud.com/katelyn_ann91	0	54	503	0	1,081
292463215	Rameen M	https://soundcloud.com/user-142257395	0	36	16	0	861
5969346	b baer	https://soundcloud.com/bbaer	31	168	238	1	686
284257694	„Öó„Öë„Öó„Öë	https://soundcloud.com/j2ckgv89iomp	0	29	21	0	1,610
203170151	Marilena	https://soundcloud.com/maria-magdalena-rauch	32	5	9	0	340
245171177	Yang Gang	https://soundcloud.com/yang-gaeng-555781115	0	6	20	0	11
52856140	helene_wit_it	https://soundcloud.com/helene_wit_it	2	112	558	2	1,806
111395565	Luana Cristina DaCosta	https://soundcloud.com/luana-cristina-dacosta	43	13	147	0	284
118869213	Florencia Alegre 5	https://soundcloud.com/florencia-alegre-5	2	25	60	0	122
592154427	Vit√≥ria Nobre	https://soundcloud.com/vitoria-nobre-686987727	0	2	0	0	51
614305785	KIRA	https://soundcloud.com/user-601438023	0	3	6	0	215
2502565	MizzChief	https://soundcloud.com/leeduhbeast	2	100	315	0	1,729
615613680	Michelle	https://soundcloud.com/ariadna-pena-100484182	0	2	3	0	6
102503205	Anastasiya  Komar	https://soundcloud.com/anastasiya-komar	0	46	171	0	2,111
225313282	Debbie Canas	https://soundcloud.com/debbie-canas	8	119	884	0	1,741
2017232	C_	https://soundcloud.com/techohyesohyes	4	61	285	0	1,074
310367235	Manar Mohamed	https://soundcloud.com/manar-saied-165805717	0	9	4	0	194
257923757	Shayla Billy	https://soundcloud.com/shayla-billy	1	7	30	0	147
4518063	kristen-pihlman	https://soundcloud.com/kristen-pihlman	0	78	791	0	4,090
86368649	Alexx	https://soundcloud.com/alexxdoublex	15	81	444	0	6,138
7423131	StephyV	https://soundcloud.com/stephyvee	1	184	234	19	4,362
583574487	ÌïòÌù¨Í≤Ω	https://soundcloud.com/lgzvpit2ikkq	0	1	0	0	3
188728558	Ana Gabriela	https://soundcloud.com/ana-gabriela-novak-araujo	2	3	2	0	22
69308311	yaaaaJess	https://soundcloud.com/yaaaajess	2	20	156	0	1,009
79908253	Alexa Mucci	https://soundcloud.com/alexa-mucci	15	52	236	0	873
25324437	Winnie Jiang	https://soundcloud.com/winnie-jiang	12	99	211	0	2,714
615703791	saracep1994	https://soundcloud.com/saracep1994	0	5	136	0	384
615152727	Janice Ren	https://soundcloud.com/janice-ren-219125098	0	2	0	0	42
105533553	AJ McDonald	https://soundcloud.com/ajmcdon42790	77	480	1,180	2	9,600
608703993	User 206562833	https://soundcloud.com/user-206562833	0	2	2	0	23
600280266	Gogoo	https://soundcloud.com/engy-isac	0	11	6	0	333
615521361	almafloreby	https://soundcloud.com/almafloreby	0	2	3	0	19
615529461	adelina.scr	https://soundcloud.com/adelina-scr	0	2	2	0	5
218968041	Aüåµ	https://soundcloud.com/user-864201559	0	4	5	0	17
110989656	Lala Locita	https://soundcloud.com/lala-locita	3	6	13	0	62
614343522	renzo_greil	https://soundcloud.com/renzo_greil	0	4	4	0	104
597829821	camila Z	https://soundcloud.com/camila-zapata-ceballos	0	12	72	0	485
286693457	Jly Bte	https://soundcloud.com/jly-bte	4	5	0	0	261
615163473	Mayra Juarez Villalobos	https://soundcloud.com/mayra-juarez-villalobos	0	2	0	0	25
615169470	karenrodriguesdossantos11	https://soundcloud.com/karenrodriguesdossantos11	0	2	0	0	45
36808573	franticmermaid	https://soundcloud.com/dopemermaid	0	11	18	0	110
543309951	Priscila Maiara	https://soundcloud.com/priscila-maiara-42953375	0	2	36	0	253
373024973	Agata Mazur	https://soundcloud.com/agata-mazur-785440313	0	3	1	0	66
99300046	Elysian Records	https://soundcloud.com/elysianrecords	12	316K	65	271	318
226173153	Veronika Mars	https://soundcloud.com/veronika-mars-572820287	1	9	59	0	354
587543223	Abla B	https://soundcloud.com/abilouch	3	17	51	0	1,179
595902174	EKZO	https://soundcloud.com/ekzzzo	0	2,460	587	2	35
610824852	Thu√Ω An	https://soundcloud.com/thuy-an-40288040	15	17	337	0	209
2272849	RA-MOON	https://soundcloud.com/ra_moon	0	118	578	2	39
306625365	Anna Minasyan	https://soundcloud.com/anna-minasyan-97	0	5	255	0	488
613042692	Skye Ashman	https://soundcloud.com/skye-ashman-543009666	3	5	5	0	174
141376157	Karine Franco	https://soundcloud.com/karine-franco-3	1	14	30	0	395
149473707	Neeta Senacha	https://soundcloud.com/neeta-senacha	1	3	3	0	16
379529246	Ôº¥ÔΩí·∫ßÔΩé ÔºÆÔΩá Ôº∂·ªπ  Ôº¥ÔΩà√†ÔΩéÔΩà	https://soundcloud.com/conmemay	8	50	291	4	206
544445982	iTsPersonaliitty	https://soundcloud.com/guquita-wallace	2	657	29	16	143
612918741	vngo2505	https://soundcloud.com/vngo2505	0	2	2	0	8
87460470	Zerothree Music	https://soundcloud.com/zerothree-music	96	14.4K	152	371	14
155866740	Lucy Gibson	https://soundcloud.com/lucy_gibsonxxx	5	143	271	0	3,510
168686482	Margo Str	https://soundcloud.com/margo-str	1	7	12	0	442
28743	Cr2 Records	https://soundcloud.com/cr2records	129	83.4K	285	1,543	176
514814040	ilona litvinenko	https://soundcloud.com/gjinvizejzy9	0	1	0	0	401
200279809	ÏÑúÎØ∏Î¶¨	https://soundcloud.com/mqlpf2jiyp4i	0	1	17	0	56
4122224	Nikole P.	https://soundcloud.com/napp-2	3	214	1,026	0	369
58066195	Dawon  Chung	https://soundcloud.com/dawon-chung	0	17	9	0	35
453887553	TerezT√©ro808	https://soundcloud.com/teryy-black	0	3	19	0	36
589586403	Hayat	https://soundcloud.com/cafemuller	2	26	180	0	98
329713478	Reb Izzle	https://soundcloud.com/reb_dizzle	1	57	219	0	397
420049806	Mitzi Martini	https://soundcloud.com/mitzi-martini1	0	103	249	0	372
